customer_id,recency,frequency,monetary,cluster,cluster_name,segment_priority
479,28,8,589048.28,3,Champions,1
1644,40,7,531668.15,3,Champions,1
2443,143,7,511448.07999999996,3,Champions,1
224,24,7,509369.19,3,Champions,1
1822,3,6,509127.2200000001,3,Champions,1
61,51,7,504558.52,3,Champions,1
769,57,7,491101.0999999999,3,Champions,1
909,62,6,486073.32999999996,3,Champions,1
978,57,7,482594.10000000003,3,Champions,1
2073,52,6,475297.67,3,Champions,1
1966,48,7,475245.64999999997,3,Champions,1
678,48,8,472041.29,3,Champions,1
1153,11,8,469803.36,3,Champions,1
1114,45,6,464733.01,3,Champions,1
1283,2,6,454309.14999999997,3,Champions,1
1602,10,7,452465.72000000003,3,Champions,1
1833,22,6,451485.71,3,Champions,1
2346,46,6,449986.83999999997,3,Champions,1
1578,67,7,442425.37999999995,3,Champions,1
868,10,6,438263.47,3,Champions,1
203,40,6,436575.32999999996,3,Champions,1
401,66,8,436332.74000000005,3,Champions,1
1553,138,6,432460.3499999999,3,Champions,1
864,48,7,432254.6,3,Champions,1
837,6,6,430824.61,3,Champions,1
1805,18,7,430292.14,3,Champions,1
279,14,7,428789.0300000001,3,Champions,1
2039,46,6,426978.8900000001,3,Champions,1
227,122,6,425152.99,3,Champions,1
2057,19,7,423815.02,3,Champions,1
646,49,6,422343.23000000004,3,Champions,1
2322,39,6,421527.82000000007,3,Champions,1
2498,96,6,417810.16000000003,3,Champions,1
492,18,6,416766.25,3,Champions,1
2423,84,6,412935.95999999996,3,Champions,1
1163,80,6,408984.58999999997,3,Champions,1
1506,2,5,408301.08999999997,3,Champions,1
1617,25,6,407802.28,3,Champions,1
797,24,5,407263.93000000005,3,Champions,1
88,49,6,406552.87,3,Champions,1
1304,67,5,405304.5,3,Champions,1
1019,28,6,403471.24,3,Champions,1
382,37,7,403362.94000000006,3,Champions,1
577,8,6,403236.35000000003,3,Champions,1
474,63,7,402416.43,3,Champions,1
616,90,6,401534.12,3,Champions,1
1292,61,7,400365.01,3,Champions,1
2304,74,6,399923.39,3,Champions,1
1934,181,6,398883.74,3,Champions,1
1315,2,5,396522.09,3,Champions,1
2247,71,6,396267.2,3,Champions,1
1061,75,5,395316.54,3,Champions,1
533,79,5,393687.2,3,Champions,1
300,43,8,391199.05,3,Champions,1
710,28,6,390505.12999999995,3,Champions,1
1933,56,6,390209.23,3,Champions,1
1093,149,5,390014.82,3,Champions,1
2472,67,5,389782.28,3,Champions,1
1436,32,5,386597.74,3,Champions,1
1620,9,5,384400.08,3,Champions,1
1181,5,6,383281.86,3,Champions,1
1271,41,6,381352.26999999996,3,Champions,1
2445,49,5,378671.97,3,Champions,1
826,70,5,378254.49,3,Champions,1
2148,91,5,377400.52,3,Champions,1
1695,157,5,374409.6,3,Champions,1
1154,17,5,373923.44,3,Champions,1
1566,42,5,373070.48000000004,3,Champions,1
4,11,6,372295.29,3,Champions,1
2143,15,5,371958.87,3,Champions,1
321,96,5,371384.48,3,Champions,1
2249,43,5,370088.15,3,Champions,1
101,98,5,369656.76,3,Champions,1
874,80,6,366681.79000000004,3,Champions,1
556,0,6,366468.07,3,Champions,1
1879,116,5,366336.17999999993,3,Champions,1
39,59,5,364306.03,3,Champions,1
954,11,4,363952.69999999995,3,Champions,1
2043,90,5,363616.61,3,Champions,1
1166,55,5,363279.01,3,Champions,1
1854,9,6,363234.91000000003,3,Champions,1
571,13,5,362597.74,3,Champions,1
2271,44,5,360596.93,3,Champions,1
1863,51,6,359040.67,3,Champions,1
876,7,5,358562.2,3,Champions,1
549,50,6,357934.52999999997,3,Champions,1
396,105,6,356572.27999999997,3,Champions,1
904,15,5,356370.80999999994,3,Champions,1
1532,22,6,355875.67000000004,3,Champions,1
1400,132,5,354601.77999999997,3,Champions,1
2362,124,5,354307.58,3,Champions,1
1926,112,5,354193.82000000007,3,Champions,1
2336,52,5,353295.45999999996,3,Champions,1
2405,124,6,352462.52,3,Champions,1
210,14,5,351666.56,3,Champions,1
473,13,7,350878.99,3,Champions,1
182,38,4,350002.39,3,Champions,1
999,43,4,347959.59,3,Champions,1
1920,50,5,347929.28,3,Champions,1
2397,27,4,347195.97,3,Champions,1
1113,70,5,346681.06,3,Champions,1
341,8,5,346068.74,3,Champions,1
1890,66,5,345935.16,3,Champions,1
471,69,5,344116.62,3,Champions,1
127,32,5,341833.04000000004,3,Champions,1
555,4,5,341394.04000000004,3,Champions,1
1735,107,5,340610.64,3,Champions,1
442,52,4,340445.94,3,Champions,1
892,90,4,340189.24,3,Champions,1
1165,261,5,339636.99,3,Champions,1
1231,65,4,339182.57999999996,3,Champions,1
1443,129,5,338355.29,3,Champions,1
460,29,6,337741.79000000004,3,Champions,1
1855,37,4,336717.95,3,Champions,1
670,29,6,336563.7,3,Champions,1
2323,14,6,335434.68,3,Champions,1
1733,26,5,334348.31,3,Champions,1
319,16,6,333980.41,3,Champions,1
167,83,4,332224.74,3,Champions,1
541,36,6,332117.16000000003,3,Champions,1
927,4,5,331528.47,3,Champions,1
1965,59,5,330486.91,3,Champions,1
2084,85,5,330187.25,3,Champions,1
2463,15,6,330066.11,3,Champions,1
413,66,4,329712.56,3,Champions,1
1349,44,5,329519.23,3,Champions,1
2411,147,4,329216.39,3,Champions,1
194,9,5,329141.24000000005,3,Champions,1
589,6,5,328971.13,3,Champions,1
1338,0,5,328808.79,3,Champions,1
1838,18,4,328608.27,3,Champions,1
1074,54,4,328421.37,3,Champions,1
807,122,5,328006.57999999996,3,Champions,1
1975,1,5,326236.31,3,Champions,1
722,20,5,325452.77,3,Champions,1
1177,142,4,324665.21,3,Champions,1
125,91,4,324416.97,3,Champions,1
2119,73,5,324164.58,3,Champions,1
412,63,4,322437.28,3,Champions,1
1007,28,4,322377.80000000005,3,Champions,1
2365,34,5,322238.94,3,Champions,1
1583,98,5,321913.6,3,Champions,1
545,3,4,321188.58,3,Champions,1
179,30,4,321022.58,3,Champions,1
2339,18,4,320375.53,3,Champions,1
857,69,4,319577.2,3,Champions,1
2409,110,5,319294.7100000001,3,Champions,1
2022,20,4,318803.48,3,Champions,1
2474,38,5,318501.92000000004,3,Champions,1
284,125,4,318123.39,3,Champions,1
1874,52,6,317506.17,3,Champions,1
1840,6,4,317359.0,3,Champions,1
1639,21,6,317271.36,3,Champions,1
255,26,4,317071.62,3,Champions,1
2041,94,4,316866.42,3,Champions,1
2089,106,5,316370.93,3,Champions,1
1140,25,4,315947.18999999994,3,Champions,1
794,5,5,315679.1,3,Champions,1
2426,82,5,315602.76,3,Champions,1
2189,143,5,315473.45999999996,3,Champions,1
1494,109,5,315298.38,3,Champions,1
1734,38,4,315005.21,3,Champions,1
1996,27,5,314904.58999999997,3,Champions,1
495,57,5,314615.70999999996,3,Champions,1
2120,32,4,314282.05999999994,3,Champions,1
1262,89,4,314169.19,3,Champions,1
2450,97,5,313605.64999999997,3,Champions,1
2116,9,4,313472.92,3,Champions,1
546,129,5,313390.03,3,Champions,1
697,32,4,313386.55,3,Champions,1
1577,68,5,312657.02,3,Champions,1
1899,61,4,311999.57,3,Champions,1
1539,98,4,311715.56,3,Champions,1
1437,82,4,311455.78,3,Champions,1
1804,107,4,311265.13,3,Champions,1
745,123,4,311243.54,3,Champions,1
303,54,4,311154.45,3,Champions,1
2001,159,5,310129.05,3,Champions,1
2358,51,5,309654.53,3,Champions,1
824,7,4,309334.85,3,Champions,1
1094,134,4,308267.63,3,Champions,1
52,3,4,307936.01,3,Champions,1
422,136,5,307560.04000000004,3,Champions,1
701,11,4,307469.14999999997,3,Champions,1
937,75,4,307298.1,3,Champions,1
2010,14,5,307292.78,3,Champions,1
1458,42,5,305717.98,3,Champions,1
175,8,4,305443.0,3,Champions,1
823,33,4,305208.54,3,Champions,1
2157,19,5,304564.89999999997,3,Champions,1
1952,14,5,304361.26,3,Champions,1
1540,72,4,304218.85000000003,3,Champions,1
734,45,5,303682.59,3,Champions,1
1001,22,5,302363.83,3,Champions,1
2401,166,4,302359.11,3,Champions,1
1824,85,4,302225.02999999997,3,Champions,1
272,154,4,302062.56,3,Champions,1
356,38,5,301684.32,3,Champions,1
469,30,6,301469.76999999996,3,Champions,1
1435,39,5,301053.99,3,Champions,1
1109,50,5,299774.06,3,Champions,1
58,53,5,298391.8,3,Champions,1
1562,96,6,297856.43,3,Champions,1
253,15,5,297319.55000000005,3,Champions,1
2086,164,5,296563.74,3,Champions,1
1136,54,5,296435.47,3,Champions,1
1512,3,5,295994.04000000004,3,Champions,1
784,140,5,295269.19,3,Champions,1
809,39,5,294220.82999999996,3,Champions,1
1949,13,5,292957.39,3,Champions,1
2242,91,5,292498.02,3,Champions,1
958,32,5,291803.35,3,Champions,1
1164,4,5,291166.8,3,Champions,1
2325,4,5,289201.82,3,Champions,1
1373,15,5,287309.84,3,Champions,1
2307,6,5,287059.47000000003,3,Champions,1
2192,180,5,284322.76999999996,3,Champions,1
1474,244,5,283526.15,3,Champions,1
1806,161,5,283453.9,3,Champions,1
1790,38,5,280720.23000000004,3,Champions,1
148,126,5,274609.27,3,Champions,1
705,10,5,273911.77,3,Champions,1
1604,147,5,273378.83,3,Champions,1
1633,82,5,272086.47000000003,3,Champions,1
1221,77,5,269649.14,3,Champions,1
742,7,5,268225.31,3,Champions,1
712,6,5,267100.49,3,Champions,1
599,7,5,266427.0,3,Champions,1
1331,33,5,264064.51,3,Champions,1
2458,40,5,263606.2,3,Champions,1
651,12,5,262210.09,3,Champions,1
2454,60,5,261725.32,3,Champions,1
2023,51,5,261585.39,3,Champions,1
2033,133,5,261074.61000000002,3,Champions,1
1653,16,5,260810.81,3,Champions,1
208,27,5,259529.46,3,Champions,1
1186,6,5,258670.55,3,Champions,1
380,4,5,244995.84000000003,3,Champions,1
1788,27,5,244815.74000000002,3,Champions,1
1881,8,5,244546.25999999998,3,Champions,1
1431,11,5,240405.45,3,Champions,1
1408,149,5,237829.34,3,Champions,1
2329,1,4,301294.9,1,Loyal Customers,2
1895,29,4,299383.91000000003,1,Loyal Customers,2
1870,5,4,298859.98,1,Loyal Customers,2
1696,29,4,298427.17,1,Loyal Customers,2
1491,63,4,296947.58,1,Loyal Customers,2
139,58,4,295937.73,1,Loyal Customers,2
72,87,4,293819.65,1,Loyal Customers,2
1893,157,4,293364.55,1,Loyal Customers,2
2139,90,4,293097.09,1,Loyal Customers,2
750,122,3,292910.95999999996,1,Loyal Customers,2
795,45,4,292518.19999999995,1,Loyal Customers,2
2441,95,4,291731.11,1,Loyal Customers,2
617,12,4,291544.63,1,Loyal Customers,2
195,68,4,290915.62,1,Loyal Customers,2
703,62,4,290904.61,1,Loyal Customers,2
949,30,4,290803.71,1,Loyal Customers,2
152,40,4,290315.18,1,Loyal Customers,2
1763,45,4,290079.03,1,Loyal Customers,2
813,10,4,289525.97,1,Loyal Customers,2
866,3,4,288249.67,1,Loyal Customers,2
513,43,4,288191.55,1,Loyal Customers,2
130,56,4,288024.58,1,Loyal Customers,2
1517,26,4,287306.45999999996,1,Loyal Customers,2
998,108,4,286430.77999999997,1,Loyal Customers,2
83,18,4,285420.87,1,Loyal Customers,2
1561,16,4,284826.82,1,Loyal Customers,2
1671,68,4,284825.74,1,Loyal Customers,2
1676,33,4,284418.51,1,Loyal Customers,2
288,26,4,284097.23000000004,1,Loyal Customers,2
1902,49,4,283397.66,1,Loyal Customers,2
534,12,4,282284.73,1,Loyal Customers,2
2198,52,4,281567.03,1,Loyal Customers,2
53,32,4,281144.75,1,Loyal Customers,2
717,21,4,281119.08999999997,1,Loyal Customers,2
1397,4,4,280369.49,1,Loyal Customers,2
2135,59,4,279203.7,1,Loyal Customers,2
790,59,4,278486.5,1,Loyal Customers,2
2187,1,4,277860.96,1,Loyal Customers,2
98,15,4,277855.32999999996,1,Loyal Customers,2
154,5,4,277730.12,1,Loyal Customers,2
433,64,4,277524.81,1,Loyal Customers,2
1102,113,4,277346.38,1,Loyal Customers,2
913,31,4,276587.51,1,Loyal Customers,2
939,24,4,276001.68,1,Loyal Customers,2
2493,2,4,274967.77,1,Loyal Customers,2
2206,115,4,274448.08,1,Loyal Customers,2
917,106,3,274216.33,1,Loyal Customers,2
1762,53,3,274183.34,1,Loyal Customers,2
572,7,3,273860.72,1,Loyal Customers,2
493,7,4,273594.99,1,Loyal Customers,2
707,82,3,273511.29000000004,1,Loyal Customers,2
1065,128,4,273401.61,1,Loyal Customers,2
2085,12,4,272409.92,1,Loyal Customers,2
1369,49,4,272115.02,1,Loyal Customers,2
1212,121,3,271958.07,1,Loyal Customers,2
176,78,4,271557.97,1,Loyal Customers,2
849,63,4,271538.73,1,Loyal Customers,2
1391,17,4,270980.66000000003,1,Loyal Customers,2
2025,41,4,270959.32,1,Loyal Customers,2
781,179,4,270681.44,1,Loyal Customers,2
1288,54,4,270642.42000000004,1,Loyal Customers,2
1744,77,4,270499.03,1,Loyal Customers,2
1872,59,4,269942.64,1,Loyal Customers,2
185,86,4,269723.05,1,Loyal Customers,2
1144,57,4,269580.72,1,Loyal Customers,2
2433,41,4,269347.11,1,Loyal Customers,2
119,142,3,268757.42,1,Loyal Customers,2
1782,120,4,268642.41000000003,1,Loyal Customers,2
1228,138,3,268323.14,1,Loyal Customers,2
1927,171,4,268297.92000000004,1,Loyal Customers,2
934,26,4,268202.98,1,Loyal Customers,2
675,85,4,267738.93,1,Loyal Customers,2
2438,89,4,267634.81,1,Loyal Customers,2
1545,9,4,267314.56,1,Loyal Customers,2
1132,2,4,267208.02,1,Loyal Customers,2
46,49,4,267086.54000000004,1,Loyal Customers,2
1258,104,4,267051.18,1,Loyal Customers,2
1894,156,4,266513.64,1,Loyal Customers,2
1642,92,3,266005.69,1,Loyal Customers,2
1225,16,4,265885.68000000005,1,Loyal Customers,2
1972,0,4,265803.87,1,Loyal Customers,2
1201,39,4,265174.57,1,Loyal Customers,2
817,49,3,264305.58999999997,1,Loyal Customers,2
1670,43,4,264196.57,1,Loyal Customers,2
446,68,3,264181.76,1,Loyal Customers,2
456,76,4,263972.07,1,Loyal Customers,2
887,15,4,263865.20999999996,1,Loyal Customers,2
2133,38,3,263074.09,1,Loyal Customers,2
966,24,3,262968.38,1,Loyal Customers,2
132,38,3,262807.18,1,Loyal Customers,2
2480,61,4,262765.94999999995,1,Loyal Customers,2
1618,128,4,262434.57,1,Loyal Customers,2
2349,126,3,262366.42,1,Loyal Customers,2
1888,68,4,262200.75,1,Loyal Customers,2
1269,38,4,261951.14,1,Loyal Customers,2
672,103,4,261787.29,1,Loyal Customers,2
1187,68,3,261090.39,1,Loyal Customers,2
2268,24,4,260972.24,1,Loyal Customers,2
264,55,4,260938.37000000002,1,Loyal Customers,2
908,168,4,260694.57,1,Loyal Customers,2
392,61,4,260058.41999999998,1,Loyal Customers,2
2009,74,4,260003.66,1,Loyal Customers,2
487,6,3,259639.41,1,Loyal Customers,2
2068,46,4,259110.73,1,Loyal Customers,2
2479,118,4,258934.46000000002,1,Loyal Customers,2
2183,59,3,258812.1,1,Loyal Customers,2
1831,72,4,258625.2,1,Loyal Customers,2
2050,50,3,258493.80000000005,1,Loyal Customers,2
2295,47,4,258363.74,1,Loyal Customers,2
1220,170,4,257711.44,1,Loyal Customers,2
2341,12,4,257479.11,1,Loyal Customers,2
715,26,3,256927.39,1,Loyal Customers,2
1059,90,3,256717.62000000002,1,Loyal Customers,2
159,30,3,256638.28000000003,1,Loyal Customers,2
593,138,4,255733.97999999998,1,Loyal Customers,2
349,12,3,255728.3,1,Loyal Customers,2
947,42,3,255720.31,1,Loyal Customers,2
342,47,4,255628.66999999998,1,Loyal Customers,2
759,23,4,255298.99,1,Loyal Customers,2
187,143,4,255215.72999999998,1,Loyal Customers,2
80,2,3,255136.47999999998,1,Loyal Customers,2
1915,22,3,255109.57,1,Loyal Customers,2
306,102,4,254771.56,1,Loyal Customers,2
1376,5,4,254746.07,1,Loyal Customers,2
2106,15,3,254593.94,1,Loyal Customers,2
1105,103,4,253895.63,1,Loyal Customers,2
2232,74,3,253659.92,1,Loyal Customers,2
2383,83,4,253214.56,1,Loyal Customers,2
2478,7,3,253175.69,1,Loyal Customers,2
351,108,3,253150.12999999998,1,Loyal Customers,2
1415,63,4,253104.82,1,Loyal Customers,2
122,101,4,252952.03000000003,1,Loyal Customers,2
1309,8,4,252019.03,1,Loyal Customers,2
524,50,4,251513.39,1,Loyal Customers,2
1330,76,4,250794.87,1,Loyal Customers,2
110,77,4,250768.21999999997,1,Loyal Customers,2
752,82,3,250430.05,1,Loyal Customers,2
1887,7,3,249886.96,1,Loyal Customers,2
2035,147,4,249190.62,1,Loyal Customers,2
2092,50,3,249119.72999999998,1,Loyal Customers,2
821,0,4,249048.69,1,Loyal Customers,2
1580,34,3,248892.25,1,Loyal Customers,2
2201,52,4,248608.38999999998,1,Loyal Customers,2
1107,24,4,248528.15999999997,1,Loyal Customers,2
1728,98,3,247780.94,1,Loyal Customers,2
1837,11,4,247777.75999999998,1,Loyal Customers,2
1910,74,3,247313.21,1,Loyal Customers,2
452,105,3,247221.32,1,Loyal Customers,2
1274,31,4,247127.85000000003,1,Loyal Customers,2
1651,55,4,247074.3,1,Loyal Customers,2
1853,19,4,246869.28,1,Loyal Customers,2
459,9,4,246652.56,1,Loyal Customers,2
1858,40,4,246584.85,1,Loyal Customers,2
2371,72,3,245942.96000000002,1,Loyal Customers,2
2366,40,4,245662.49,1,Loyal Customers,2
1358,27,4,245602.50999999998,1,Loyal Customers,2
1663,67,3,245225.51,1,Loyal Customers,2
361,10,3,245220.51,1,Loyal Customers,2
711,38,4,243942.51999999996,1,Loyal Customers,2
547,57,4,243455.77000000002,1,Loyal Customers,2
1205,38,3,243246.53999999998,1,Loyal Customers,2
1570,0,3,242824.22999999998,1,Loyal Customers,2
1999,100,3,242696.94,1,Loyal Customers,2
923,18,4,242570.41,1,Loyal Customers,2
1368,11,4,242482.57,1,Loyal Customers,2
2413,99,4,242461.13,1,Loyal Customers,2
2000,50,3,242100.63,1,Loyal Customers,2
1743,34,4,241741.11,1,Loyal Customers,2
1137,128,3,241655.13,1,Loyal Customers,2
1461,5,4,241620.26,1,Loyal Customers,2
1901,2,4,241550.69,1,Loyal Customers,2
1525,35,3,241499.25,1,Loyal Customers,2
1392,46,4,241179.43,1,Loyal Customers,2
2067,42,4,240357.24,1,Loyal Customers,2
1596,12,3,240059.44,1,Loyal Customers,2
636,35,4,239995.77999999997,1,Loyal Customers,2
1599,5,4,239829.99000000002,1,Loyal Customers,2
1017,8,3,239713.19,1,Loyal Customers,2
2337,21,4,239525.11,1,Loyal Customers,2
529,41,3,239478.95,1,Loyal Customers,2
1538,22,4,239179.81,1,Loyal Customers,2
2150,57,4,239114.98,1,Loyal Customers,2
36,14,3,238315.96,1,Loyal Customers,2
274,41,3,237906.03,1,Loyal Customers,2
1830,63,3,237873.86,1,Loyal Customers,2
1945,99,4,237816.88,1,Loyal Customers,2
1447,100,3,237798.15,1,Loyal Customers,2
1964,46,3,237718.49,1,Loyal Customers,2
610,10,3,237462.97999999998,1,Loyal Customers,2
2353,49,4,237056.65,1,Loyal Customers,2
216,106,4,236753.36,1,Loyal Customers,2
657,2,4,236422.81,1,Loyal Customers,2
2417,39,4,236229.13,1,Loyal Customers,2
1386,127,3,236189.43,1,Loyal Customers,2
2374,130,4,235828.09999999998,1,Loyal Customers,2
1664,38,4,235792.68,1,Loyal Customers,2
2128,73,4,235784.7,1,Loyal Customers,2
519,54,5,235522.41999999998,1,Loyal Customers,2
1953,80,4,235488.45,1,Loyal Customers,2
627,41,3,235390.40000000002,1,Loyal Customers,2
865,87,4,235342.25,1,Loyal Customers,2
2311,36,3,235298.46,1,Loyal Customers,2
1471,45,4,235252.58999999997,1,Loyal Customers,2
2442,91,3,234861.28999999998,1,Loyal Customers,2
1615,64,4,234843.89,1,Loyal Customers,2
1060,117,3,234607.26,1,Loyal Customers,2
1557,12,4,234445.88999999998,1,Loyal Customers,2
708,81,4,233776.38999999998,1,Loyal Customers,2
580,54,3,233717.63999999998,1,Loyal Customers,2
496,58,4,233614.84,1,Loyal Customers,2
2228,55,3,233449.77999999997,1,Loyal Customers,2
2220,28,4,233307.03,1,Loyal Customers,2
1807,46,4,232919.65,1,Loyal Customers,2
1462,61,3,232722.83000000002,1,Loyal Customers,2
1192,41,4,232637.34,1,Loyal Customers,2
44,71,3,232242.47,1,Loyal Customers,2
260,31,3,231845.07,1,Loyal Customers,2
621,115,3,231802.32,1,Loyal Customers,2
1099,15,3,231548.85000000003,1,Loyal Customers,2
1649,64,3,231493.90999999997,1,Loyal Customers,2
910,26,4,231441.29,1,Loyal Customers,2
2020,139,4,231295.62,1,Loyal Customers,2
79,39,3,230815.44999999998,1,Loyal Customers,2
1753,68,4,230801.51,1,Loyal Customers,2
1662,50,4,230358.92,1,Loyal Customers,2
363,9,4,230315.15000000002,1,Loyal Customers,2
242,51,3,229874.99,1,Loyal Customers,2
373,7,4,229544.55000000002,1,Loyal Customers,2
812,11,3,229376.96,1,Loyal Customers,2
537,27,3,229313.36,1,Loyal Customers,2
962,21,3,228926.2,1,Loyal Customers,2
539,52,4,228518.59,1,Loyal Customers,2
1801,8,4,228449.39999999997,1,Loyal Customers,2
225,115,3,228420.7,1,Loyal Customers,2
191,47,3,228231.15,1,Loyal Customers,2
326,56,4,228174.36,1,Loyal Customers,2
1900,49,3,228130.94999999998,1,Loyal Customers,2
1722,52,3,228075.52000000002,1,Loyal Customers,2
1176,149,4,227976.57,1,Loyal Customers,2
2203,3,3,227954.83000000002,1,Loyal Customers,2
1038,13,4,227752.63999999998,1,Loyal Customers,2
480,85,4,227736.56,1,Loyal Customers,2
792,7,4,227551.82,1,Loyal Customers,2
1071,5,3,227335.93,1,Loyal Customers,2
905,27,4,227278.07,1,Loyal Customers,2
1129,46,3,227203.84000000003,1,Loyal Customers,2
1689,31,4,227133.41999999998,1,Loyal Customers,2
1004,26,5,227125.25,1,Loyal Customers,2
1916,59,4,227059.97999999998,1,Loyal Customers,2
1418,126,4,226652.86,1,Loyal Customers,2
1175,86,4,226559.64,1,Loyal Customers,2
1981,40,3,226282.19,1,Loyal Customers,2
247,118,3,226226.59,1,Loyal Customers,2
183,17,4,226208.5,1,Loyal Customers,2
1796,18,3,225908.44,1,Loyal Customers,2
1876,46,3,225806.11,1,Loyal Customers,2
709,11,4,225641.58999999997,1,Loyal Customers,2
327,38,4,225591.9,1,Loyal Customers,2
1486,77,4,225509.27000000002,1,Loyal Customers,2
162,37,3,225480.7,1,Loyal Customers,2
951,59,3,225463.5,1,Loyal Customers,2
1937,57,4,225457.00999999998,1,Loyal Customers,2
7,49,4,225432.38,1,Loyal Customers,2
205,2,3,225273.34999999998,1,Loyal Customers,2
2395,74,3,225156.31,1,Loyal Customers,2
2306,48,3,225064.37000000002,1,Loyal Customers,2
1128,56,3,225047.65,1,Loyal Customers,2
172,42,4,225006.32,1,Loyal Customers,2
2361,109,3,224900.99999999997,1,Loyal Customers,2
252,8,3,224900.52000000002,1,Loyal Customers,2
2373,124,3,224650.57,1,Loyal Customers,2
838,44,3,224313.8,1,Loyal Customers,2
560,102,4,224247.62,1,Loyal Customers,2
1818,85,4,224169.38,1,Loyal Customers,2
1844,53,3,224010.02,1,Loyal Customers,2
458,152,4,223801.34,1,Loyal Customers,2
1974,19,3,223743.55000000002,1,Loyal Customers,2
141,3,3,223607.19,1,Loyal Customers,2
2376,7,3,223073.74,1,Loyal Customers,2
855,7,3,222955.02000000002,1,Loyal Customers,2
1636,92,4,222710.85,1,Loyal Customers,2
1108,0,3,222549.78999999998,1,Loyal Customers,2
202,73,3,222518.59000000003,1,Loyal Customers,2
193,20,3,222303.24,1,Loyal Customers,2
2440,29,4,222250.89,1,Loyal Customers,2
1534,116,3,221772.28999999998,1,Loyal Customers,2
2399,65,4,221715.66999999998,1,Loyal Customers,2
1579,52,3,221690.24999999997,1,Loyal Customers,2
2421,72,4,221669.7,1,Loyal Customers,2
1546,47,4,221491.49,1,Loyal Customers,2
922,59,3,221309.34000000003,1,Loyal Customers,2
229,110,4,221253.65,1,Loyal Customers,2
1311,39,3,221248.65000000002,1,Loyal Customers,2
1388,7,3,221202.78,1,Loyal Customers,2
426,39,3,221073.43,1,Loyal Customers,2
1715,43,3,220464.78,1,Loyal Customers,2
737,54,3,220269.95,1,Loyal Customers,2
1008,94,3,220083.22999999998,1,Loyal Customers,2
2250,63,3,219965.26999999996,1,Loyal Customers,2
2461,17,3,219917.07,1,Loyal Customers,2
1655,76,4,219853.42,1,Loyal Customers,2
2138,94,3,219637.54,1,Loyal Customers,2
1559,8,4,219626.02000000002,1,Loyal Customers,2
2154,33,3,219615.31,1,Loyal Customers,2
581,0,3,219282.01,1,Loyal Customers,2
1261,38,3,219038.90000000002,1,Loyal Customers,2
772,61,4,218941.84,1,Loyal Customers,2
2345,15,4,218700.02000000002,1,Loyal Customers,2
142,31,3,218659.96,1,Loyal Customers,2
920,38,3,218515.78,1,Loyal Customers,2
673,16,4,218271.65000000002,1,Loyal Customers,2
251,7,4,218214.78999999998,1,Loyal Customers,2
2182,79,4,218075.25,1,Loyal Customers,2
10,29,3,217838.44999999998,1,Loyal Customers,2
2125,103,3,217808.86,1,Loyal Customers,2
2002,106,3,217546.21000000002,1,Loyal Customers,2
2396,83,3,217537.66000000003,1,Loyal Customers,2
1660,32,3,217035.1,1,Loyal Customers,2
1167,81,3,216793.65,1,Loyal Customers,2
663,61,3,216374.94,1,Loyal Customers,2
1646,91,3,216138.45,1,Loyal Customers,2
2391,42,4,216107.48,1,Loyal Customers,2
2279,49,4,215880.62,1,Loyal Customers,2
1362,119,3,215519.29,1,Loyal Customers,2
1709,46,3,215358.66,1,Loyal Customers,2
23,59,4,215242.13,1,Loyal Customers,2
1040,27,4,215219.73,1,Loyal Customers,2
1297,100,4,215002.13,1,Loyal Customers,2
144,49,3,214519.6,1,Loyal Customers,2
2292,117,4,214491.79000000004,1,Loyal Customers,2
395,19,4,214127.28000000003,1,Loyal Customers,2
681,88,3,214080.74,1,Loyal Customers,2
1498,5,3,213894.77000000002,1,Loyal Customers,2
2074,10,3,213875.28,1,Loyal Customers,2
2072,59,4,213873.28,1,Loyal Customers,2
1217,108,3,213761.51,1,Loyal Customers,2
2428,10,4,213650.58000000002,1,Loyal Customers,2
1454,114,3,213450.32,1,Loyal Customers,2
472,57,3,213352.71,1,Loyal Customers,2
567,69,3,213189.41,1,Loyal Customers,2
527,9,4,213113.68999999997,1,Loyal Customers,2
1983,54,3,213015.05,1,Loyal Customers,2
1835,58,3,212985.01,1,Loyal Customers,2
102,67,4,212973.21999999997,1,Loyal Customers,2
1827,27,3,212779.84000000003,1,Loyal Customers,2
1940,32,4,212232.90999999997,1,Loyal Customers,2
1308,41,3,212226.75,1,Loyal Customers,2
1361,106,3,212061.51,1,Loyal Customers,2
2235,36,3,212010.78,1,Loyal Customers,2
775,27,3,211735.36,1,Loyal Customers,2
2244,75,3,211735.01,1,Loyal Customers,2
1440,83,3,211627.6,1,Loyal Customers,2
1904,102,3,211217.12,1,Loyal Customers,2
1771,11,3,211136.71,1,Loyal Customers,2
1406,79,3,210915.3,1,Loyal Customers,2
1929,58,4,210859.11000000002,1,Loyal Customers,2
213,23,3,210378.02000000002,1,Loyal Customers,2
1865,58,3,210243.45,1,Loyal Customers,2
1508,49,3,210172.84000000003,1,Loyal Customers,2
259,66,3,210004.64,1,Loyal Customers,2
1607,102,3,209966.45,1,Loyal Customers,2
1568,44,4,209710.15,1,Loyal Customers,2
1409,16,4,209528.77,1,Loyal Customers,2
960,63,3,209247.21000000002,1,Loyal Customers,2
1802,33,3,208974.03,1,Loyal Customers,2
1103,33,3,208764.76,1,Loyal Customers,2
467,10,4,208373.58000000002,1,Loyal Customers,2
370,36,4,208342.15,1,Loyal Customers,2
584,91,3,207743.58,1,Loyal Customers,2
2151,5,3,206489.89,1,Loyal Customers,2
613,35,3,206295.66999999998,1,Loyal Customers,2
965,63,3,206187.69,1,Loyal Customers,2
2388,36,3,206070.81999999998,1,Loyal Customers,2
886,11,3,205998.28999999998,1,Loyal Customers,2
1684,29,4,205981.53000000003,1,Loyal Customers,2
819,11,3,205138.65,1,Loyal Customers,2
499,4,3,205106.31,1,Loyal Customers,2
565,22,3,204753.28,1,Loyal Customers,2
1364,106,3,204170.83,1,Loyal Customers,2
454,0,3,203813.68000000002,1,Loyal Customers,2
1989,100,3,203513.53999999998,1,Loyal Customers,2
1967,51,3,203448.55,1,Loyal Customers,2
2094,35,3,203154.24999999997,1,Loyal Customers,2
428,17,3,203037.09999999998,1,Loyal Customers,2
2102,32,3,202993.59,1,Loyal Customers,2
2332,41,3,202486.18,1,Loyal Customers,2
961,78,3,202356.07,1,Loyal Customers,2
607,50,3,202262.27000000002,1,Loyal Customers,2
1764,1,3,202042.6,1,Loyal Customers,2
1515,30,3,201943.45,1,Loyal Customers,2
1836,7,3,201706.6,1,Loyal Customers,2
1746,42,3,201438.87,1,Loyal Customers,2
2410,23,3,201058.69,1,Loyal Customers,2
254,94,3,200871.54,1,Loyal Customers,2
1968,24,4,200618.36,1,Loyal Customers,2
1907,69,3,200560.16999999998,1,Loyal Customers,2
1360,4,3,199706.26,1,Loyal Customers,2
1345,61,3,199628.48,1,Loyal Customers,2
1623,12,3,199573.27,1,Loyal Customers,2
282,29,4,199445.31999999998,1,Loyal Customers,2
2195,25,3,199432.88,1,Loyal Customers,2
2129,30,4,199325.09,1,Loyal Customers,2
507,18,3,199153.82,1,Loyal Customers,2
1379,61,4,198958.77000000002,1,Loyal Customers,2
2174,86,3,198914.58000000002,1,Loyal Customers,2
842,53,4,198799.10000000003,1,Loyal Customers,2
1083,44,3,198773.66999999998,1,Loyal Customers,2
189,79,3,198696.09,1,Loyal Customers,2
2225,11,3,198652.19,1,Loyal Customers,2
295,45,3,198650.0,1,Loyal Customers,2
212,2,3,198391.52000000002,1,Loyal Customers,2
699,67,3,198347.91999999998,1,Loyal Customers,2
498,33,2,198249.31,1,Loyal Customers,2
814,20,3,198220.81,1,Loyal Customers,2
517,107,3,197874.39,1,Loyal Customers,2
1769,70,4,197442.91,1,Loyal Customers,2
2359,88,3,197280.3,1,Loyal Customers,2
1425,48,3,197218.38,1,Loyal Customers,2
2287,25,3,197059.33000000002,1,Loyal Customers,2
1171,65,3,197013.99,1,Loyal Customers,2
1453,14,3,196856.16999999998,1,Loyal Customers,2
2488,110,3,196423.83000000002,1,Loyal Customers,2
1389,26,4,196327.12,1,Loyal Customers,2
1571,31,4,195929.95999999996,1,Loyal Customers,2
1694,17,4,195897.12,1,Loyal Customers,2
808,15,3,195494.6,1,Loyal Customers,2
1978,44,4,195483.95,1,Loyal Customers,2
503,58,3,195342.82,1,Loyal Customers,2
1484,54,3,194929.3,1,Loyal Customers,2
791,67,3,194689.85,1,Loyal Customers,2
634,5,3,194661.09,1,Loyal Customers,2
2015,106,3,194514.13,1,Loyal Customers,2
314,77,3,194042.78999999998,1,Loyal Customers,2
2494,42,2,193832.38,1,Loyal Customers,2
1847,57,3,193706.53,1,Loyal Customers,2
2406,54,3,193566.27000000002,1,Loyal Customers,2
1533,13,3,193529.01,1,Loyal Customers,2
2215,3,3,193510.82,1,Loyal Customers,2
801,107,3,192653.23,1,Loyal Customers,2
768,42,3,192529.49,1,Loyal Customers,2
1336,0,3,192287.22999999998,1,Loyal Customers,2
378,39,3,192042.23,1,Loyal Customers,2
1826,107,3,191917.98,1,Loyal Customers,2
1845,30,3,191695.28,1,Loyal Customers,2
1134,7,3,191531.52000000002,1,Loyal Customers,2
1096,9,3,191139.64,1,Loyal Customers,2
489,24,3,191105.3,1,Loyal Customers,2
2121,40,3,191093.12999999998,1,Loyal Customers,2
2184,40,3,191041.89,1,Loyal Customers,2
1552,43,4,190929.9,1,Loyal Customers,2
2218,91,3,190670.41999999998,1,Loyal Customers,2
1906,39,3,190636.55,1,Loyal Customers,2
2059,61,3,190548.47,1,Loyal Customers,2
1328,1,2,190332.21,1,Loyal Customers,2
743,86,3,190328.07,1,Loyal Customers,2
1243,76,3,190280.9,1,Loyal Customers,2
2260,4,3,190138.57,1,Loyal Customers,2
2118,15,3,189561.61,1,Loyal Customers,2
2052,89,3,189511.71000000002,1,Loyal Customers,2
530,27,3,189437.41999999998,1,Loyal Customers,2
2298,80,3,189245.33000000002,1,Loyal Customers,2
975,98,3,188970.97,1,Loyal Customers,2
638,54,3,188786.28999999998,1,Loyal Customers,2
1248,5,3,188708.24,1,Loyal Customers,2
2217,41,3,188560.16999999998,1,Loyal Customers,2
665,23,3,188510.94,1,Loyal Customers,2
2283,112,3,188415.96000000002,1,Loyal Customers,2
2005,16,3,188316.02,1,Loyal Customers,2
2343,38,4,188210.68,1,Loyal Customers,2
1786,5,3,188152.46,1,Loyal Customers,2
2355,37,3,188049.58000000002,1,Loyal Customers,2
406,3,3,187563.05000000002,1,Loyal Customers,2
830,33,3,187514.77000000002,1,Loyal Customers,2
1791,67,3,187287.40999999997,1,Loyal Customers,2
2290,38,3,186839.87,1,Loyal Customers,2
156,80,3,186690.06,1,Loyal Customers,2
2375,48,3,186599.91999999998,1,Loyal Customers,2
522,71,4,186557.84,1,Loyal Customers,2
799,82,3,186447.03,1,Loyal Customers,2
348,33,3,186339.82,1,Loyal Customers,2
827,95,3,186319.41,1,Loyal Customers,2
1544,44,3,185527.77000000002,1,Loyal Customers,2
449,9,3,185481.3,1,Loyal Customers,2
143,15,3,185451.7,1,Loyal Customers,2
1736,30,3,184731.07,1,Loyal Customers,2
730,12,3,184689.34,1,Loyal Customers,2
1110,22,3,184161.29,1,Loyal Customers,2
47,80,3,183969.14,1,Loyal Customers,2
685,65,4,183791.48,1,Loyal Customers,2
404,73,3,183368.91999999998,1,Loyal Customers,2
731,57,3,183035.93000000002,1,Loyal Customers,2
2286,40,3,183029.99,1,Loyal Customers,2
1015,0,3,182838.62999999998,1,Loyal Customers,2
1917,90,3,181999.77,1,Loyal Customers,2
134,111,3,181865.93,1,Loyal Customers,2
931,38,3,181768.45,1,Loyal Customers,2
1158,30,3,181600.19,1,Loyal Customers,2
1810,6,4,181037.81,1,Loyal Customers,2
967,45,3,180850.89,1,Loyal Customers,2
2196,17,3,180729.63,1,Loyal Customers,2
2402,70,3,180728.94,1,Loyal Customers,2
662,84,3,180536.41999999998,1,Loyal Customers,2
438,83,3,180336.25,1,Loyal Customers,2
505,67,3,180147.25,1,Loyal Customers,2
598,53,4,179935.5,1,Loyal Customers,2
315,29,4,179293.72999999998,1,Loyal Customers,2
305,96,3,179263.1,1,Loyal Customers,2
625,50,3,179190.34,1,Loyal Customers,2
1237,77,3,178924.22,1,Loyal Customers,2
811,56,3,178841.59000000003,1,Loyal Customers,2
2241,105,3,178672.88,1,Loyal Customers,2
897,48,4,177966.41,1,Loyal Customers,2
2103,65,3,177703.95,1,Loyal Customers,2
71,25,3,177148.76,1,Loyal Customers,2
297,83,3,176940.89,1,Loyal Customers,2
695,49,3,176866.61000000002,1,Loyal Customers,2
2065,17,3,176613.05,1,Loyal Customers,2
2145,55,3,176265.62,1,Loyal Customers,2
1654,15,3,176164.91999999998,1,Loyal Customers,2
2419,53,3,176085.03,1,Loyal Customers,2
1009,53,4,176064.65,1,Loyal Customers,2
1913,93,3,176035.97,1,Loyal Customers,2
222,32,3,175844.75,1,Loyal Customers,2
540,77,3,175641.73,1,Loyal Customers,2
244,38,3,174632.59,1,Loyal Customers,2
1848,22,3,174597.74,1,Loyal Customers,2
486,31,3,174191.69,1,Loyal Customers,2
941,55,3,173762.9,1,Loyal Customers,2
56,104,3,173736.22,1,Loyal Customers,2
1118,16,3,173282.59999999998,1,Loyal Customers,2
2131,20,4,173219.18,1,Loyal Customers,2
16,16,3,172906.12,1,Loyal Customers,2
1928,32,3,172612.36000000002,1,Loyal Customers,2
704,45,3,172311.55,1,Loyal Customers,2
746,56,3,172267.87,1,Loyal Customers,2
1411,33,3,172138.93,1,Loyal Customers,2
218,58,3,171537.78,1,Loyal Customers,2
1321,44,3,170549.28,1,Loyal Customers,2
478,39,3,170514.13999999998,1,Loyal Customers,2
2476,10,3,170341.47999999998,1,Loyal Customers,2
2340,36,4,169903.91000000003,1,Loyal Customers,2
1650,78,3,169585.13,1,Loyal Customers,2
266,36,3,168953.90999999997,1,Loyal Customers,2
2153,52,3,168858.88,1,Loyal Customers,2
417,86,3,168508.41999999998,1,Loyal Customers,2
1310,74,4,167704.12,1,Loyal Customers,2
2368,48,3,167440.16,1,Loyal Customers,2
359,37,3,166939.18,1,Loyal Customers,2
384,65,3,166903.63999999998,1,Loyal Customers,2
51,43,3,166425.07,1,Loyal Customers,2
1685,3,3,166128.36,1,Loyal Customers,2
2296,43,3,165987.16999999998,1,Loyal Customers,2
1638,5,4,165876.06,1,Loyal Customers,2
1142,80,3,165714.62,1,Loyal Customers,2
618,82,3,164815.59,1,Loyal Customers,2
2420,28,3,164668.78,1,Loyal Customers,2
1116,88,3,164359.96000000002,1,Loyal Customers,2
523,17,3,163795.97,1,Loyal Customers,2
650,14,3,163791.41,1,Loyal Customers,2
1563,98,3,162399.87,1,Loyal Customers,2
1956,74,3,162368.7,1,Loyal Customers,2
994,1,3,161222.01,1,Loyal Customers,2
957,53,3,160953.69,1,Loyal Customers,2
2369,88,3,160720.51,1,Loyal Customers,2
1543,53,3,160506.38,1,Loyal Customers,2
628,26,3,160361.92,1,Loyal Customers,2
1825,78,3,159799.34,1,Loyal Customers,2
322,38,3,159433.94,1,Loyal Customers,2
1717,4,3,158706.27,1,Loyal Customers,2
929,58,3,157932.44,1,Loyal Customers,2
1702,32,3,156937.83000000002,1,Loyal Customers,2
414,6,3,156330.43,1,Loyal Customers,2
1343,14,3,156281.69,1,Loyal Customers,2
1054,84,3,155999.12,1,Loyal Customers,2
312,7,3,154538.04,1,Loyal Customers,2
611,24,3,154453.46000000002,1,Loyal Customers,2
1197,24,3,154447.33,1,Loyal Customers,2
1088,64,3,154338.74,1,Loyal Customers,2
1476,100,3,153534.28,1,Loyal Customers,2
2049,64,3,153495.64,1,Loyal Customers,2
918,9,3,153086.46,1,Loyal Customers,2
1971,33,3,152913.07,1,Loyal Customers,2
1523,45,3,152675.13,1,Loyal Customers,2
1647,39,3,151634.29,1,Loyal Customers,2
1078,0,3,151458.54,1,Loyal Customers,2
86,62,3,150828.66,1,Loyal Customers,2
2266,13,4,150749.25,1,Loyal Customers,2
1970,54,3,150343.38,1,Loyal Customers,2
1066,65,3,150069.37,1,Loyal Customers,2
2006,1,3,149357.37,1,Loyal Customers,2
448,4,3,149328.25,1,Loyal Customers,2
2149,51,3,149027.24,1,Loyal Customers,2
2258,25,3,148856.91,1,Loyal Customers,2
362,49,3,148726.95,1,Loyal Customers,2
2190,82,3,148344.76,1,Loyal Customers,2
336,16,3,148101.19,1,Loyal Customers,2
767,41,3,147852.16,1,Loyal Customers,2
1961,39,3,146543.13999999998,1,Loyal Customers,2
2317,39,3,144631.71,1,Loyal Customers,2
1018,36,3,144100.24,1,Loyal Customers,2
1256,89,3,143764.53,1,Loyal Customers,2
111,59,3,143365.92,1,Loyal Customers,2
1456,12,3,143181.12,1,Loyal Customers,2
995,41,3,143115.88,1,Loyal Customers,2
1381,25,3,142903.44999999998,1,Loyal Customers,2
825,2,3,141833.58000000002,1,Loyal Customers,2
1270,4,3,141495.5,1,Loyal Customers,2
632,50,3,140877.82,1,Loyal Customers,2
832,3,3,140695.72999999998,1,Loyal Customers,2
880,20,3,139053.56,1,Loyal Customers,2
744,14,3,138772.64,1,Loyal Customers,2
872,44,3,138007.49,1,Loyal Customers,2
1050,12,3,137668.47,1,Loyal Customers,2
108,60,3,137602.16,1,Loyal Customers,2
65,83,3,137286.36000000002,1,Loyal Customers,2
2158,6,3,136739.91999999998,1,Loyal Customers,2
852,5,3,136681.66,1,Loyal Customers,2
1265,56,3,136097.19,1,Loyal Customers,2
271,85,3,135355.53,1,Loyal Customers,2
1708,15,3,133297.47,1,Loyal Customers,2
2090,50,3,132738.41999999998,1,Loyal Customers,2
515,4,3,131309.22,1,Loyal Customers,2
936,23,3,131156.51,1,Loyal Customers,2
1403,53,3,127380.98999999999,1,Loyal Customers,2
858,67,3,127239.94,1,Loyal Customers,2
419,67,3,125534.7,1,Loyal Customers,2
977,1,3,123581.4,1,Loyal Customers,2
1011,220,4,310487.37,4,Potential Loyalists,3
1028,163,3,291276.20999999996,4,Potential Loyalists,3
1080,207,4,290787.43,4,Potential Loyalists,3
2081,209,4,283143.82,4,Potential Loyalists,3
1356,246,4,274491.88,4,Potential Loyalists,3
1123,188,4,266510.66,4,Potential Loyalists,3
696,173,3,255912.08999999997,4,Potential Loyalists,3
425,193,3,250291.05,4,Potential Loyalists,3
550,145,3,248094.08000000002,4,Potential Loyalists,3
354,235,3,247301.08000000002,4,Potential Loyalists,3
2446,179,3,246284.93,4,Potential Loyalists,3
1718,180,3,242119.08999999997,4,Potential Loyalists,3
2316,141,3,240420.75,4,Potential Loyalists,3
2209,181,3,237940.51,4,Potential Loyalists,3
1984,185,4,235741.77000000002,4,Potential Loyalists,3
1257,150,3,233372.93,4,Potential Loyalists,3
778,160,3,233118.19999999998,4,Potential Loyalists,3
1789,202,4,230757.37,4,Potential Loyalists,3
1990,197,3,229911.05000000002,4,Potential Loyalists,3
2239,157,3,229752.04,4,Potential Loyalists,3
881,259,3,229360.58,4,Potential Loyalists,3
40,184,3,229199.94,4,Potential Loyalists,3
117,170,3,228647.13,4,Potential Loyalists,3
308,213,4,227290.34,4,Potential Loyalists,3
439,334,3,225747.40999999997,4,Potential Loyalists,3
622,169,4,223821.13,4,Potential Loyalists,3
2261,238,4,223034.41999999998,4,Potential Loyalists,3
398,227,3,221901.76,4,Potential Loyalists,3
883,177,4,221732.93,4,Potential Loyalists,3
1351,202,3,220934.57,4,Potential Loyalists,3
969,247,3,220705.38,4,Potential Loyalists,3
764,204,3,220060.2,4,Potential Loyalists,3
178,208,3,219493.98,4,Potential Loyalists,3
411,177,3,219139.34,4,Potential Loyalists,3
2475,170,3,218973.72,4,Potential Loyalists,3
2200,224,4,217470.13,4,Potential Loyalists,3
1395,190,4,216196.68,4,Potential Loyalists,3
196,166,3,215087.03999999998,4,Potential Loyalists,3
1634,213,3,214925.40000000002,4,Potential Loyalists,3
293,249,3,214752.27000000002,4,Potential Loyalists,3
2172,149,3,214255.03,4,Potential Loyalists,3
464,181,4,213907.05,4,Potential Loyalists,3
536,161,4,213586.91000000003,4,Potential Loyalists,3
258,232,4,212847.58000000002,4,Potential Loyalists,3
333,154,3,210387.09999999998,4,Potential Loyalists,3
2385,163,4,209738.84,4,Potential Loyalists,3
2356,154,3,209419.43,4,Potential Loyalists,3
590,130,3,208465.60000000003,4,Potential Loyalists,3
186,246,3,207902.09,4,Potential Loyalists,3
320,246,3,207600.94,4,Potential Loyalists,3
2095,163,4,207337.53,4,Potential Loyalists,3
2246,157,3,206522.87000000002,4,Potential Loyalists,3
736,147,3,206420.72999999998,4,Potential Loyalists,3
1387,138,3,206281.46000000002,4,Potential Loyalists,3
304,162,3,206270.45,4,Potential Loyalists,3
990,177,3,206163.76,4,Potential Loyalists,3
1679,182,3,205900.59,4,Potential Loyalists,3
538,161,3,205667.43,4,Potential Loyalists,3
1419,174,3,205621.65000000002,4,Potential Loyalists,3
261,240,4,205388.58000000002,4,Potential Loyalists,3
1089,155,3,205005.77000000002,4,Potential Loyalists,3
1119,192,4,203798.92,4,Potential Loyalists,3
2348,262,3,202268.11,4,Potential Loyalists,3
301,168,3,202260.67,4,Potential Loyalists,3
1087,256,3,201384.21000000002,4,Potential Loyalists,3
877,121,3,200870.59000000003,4,Potential Loyalists,3
1976,134,3,200525.52000000002,4,Potential Loyalists,3
749,168,3,199789.43,4,Potential Loyalists,3
410,149,3,199313.16000000003,4,Potential Loyalists,3
2176,208,3,198464.91,4,Potential Loyalists,3
1267,209,3,197404.46,4,Potential Loyalists,3
1332,156,2,196581.38,4,Potential Loyalists,3
2282,131,3,196400.9,4,Potential Loyalists,3
211,179,3,196335.25,4,Potential Loyalists,3
1611,201,4,196198.65000000002,4,Potential Loyalists,3
869,204,3,195516.05,4,Potential Loyalists,3
528,121,2,195234.13,4,Potential Loyalists,3
468,131,3,194998.13,4,Potential Loyalists,3
38,136,2,194520.4,4,Potential Loyalists,3
2071,257,2,194121.91999999998,4,Potential Loyalists,3
903,99,2,193699.53,4,Potential Loyalists,3
113,174,3,193602.40999999997,4,Potential Loyalists,3
434,139,3,191003.21999999997,4,Potential Loyalists,3
802,117,3,190692.5,4,Potential Loyalists,3
1295,180,3,190163.75,4,Potential Loyalists,3
624,140,2,190050.2,4,Potential Loyalists,3
1014,151,2,189021.6,4,Potential Loyalists,3
277,144,3,188188.22,4,Potential Loyalists,3
1619,198,3,187938.71,4,Potential Loyalists,3
389,150,3,187770.74,4,Potential Loyalists,3
206,102,2,187390.45,4,Potential Loyalists,3
1723,242,2,186825.69,4,Potential Loyalists,3
851,198,3,186093.97999999998,4,Potential Loyalists,3
1442,176,2,185820.21,4,Potential Loyalists,3
497,129,3,185556.06,4,Potential Loyalists,3
1279,170,4,185406.23,4,Potential Loyalists,3
950,284,2,185362.63,4,Potential Loyalists,3
719,159,2,185199.1,4,Potential Loyalists,3
385,225,3,185143.64,4,Potential Loyalists,3
1503,98,2,185110.12,4,Potential Loyalists,3
1131,178,3,184978.48,4,Potential Loyalists,3
1992,281,3,183766.53,4,Potential Loyalists,3
1675,194,3,183717.16000000003,4,Potential Loyalists,3
360,154,3,183404.44,4,Potential Loyalists,3
265,195,3,183069.52000000002,4,Potential Loyalists,3
563,152,3,182754.22,4,Potential Loyalists,3
2191,246,3,182704.21999999997,4,Potential Loyalists,3
1897,140,2,182588.68,4,Potential Loyalists,3
330,177,4,182475.54,4,Potential Loyalists,3
1834,180,2,182212.38,4,Potential Loyalists,3
861,197,3,182194.8,4,Potential Loyalists,3
1665,190,2,181660.68,4,Potential Loyalists,3
317,127,3,181330.82,4,Potential Loyalists,3
1605,196,2,181097.2,4,Potential Loyalists,3
2393,134,2,180929.9,4,Potential Loyalists,3
138,127,2,179889.76,4,Potential Loyalists,3
925,177,3,179772.23,4,Potential Loyalists,3
2110,96,2,179695.3,4,Potential Loyalists,3
318,114,2,179170.53999999998,4,Potential Loyalists,3
1298,128,3,179137.09,4,Potential Loyalists,3
1459,135,3,178132.96000000002,4,Potential Loyalists,3
1190,258,3,178004.27000000002,4,Potential Loyalists,3
1597,197,3,177738.35,4,Potential Loyalists,3
1002,133,3,177697.30000000002,4,Potential Loyalists,3
1935,130,3,175230.36000000002,4,Potential Loyalists,3
1812,208,2,174400.93,4,Potential Loyalists,3
2415,127,2,174371.28000000003,4,Potential Loyalists,3
694,214,3,174362.7,4,Potential Loyalists,3
980,178,2,174245.39,4,Potential Loyalists,3
1509,263,2,173618.97999999998,4,Potential Loyalists,3
42,112,2,173100.16999999998,4,Potential Loyalists,3
192,125,3,173059.73,4,Potential Loyalists,3
2267,323,3,172940.16,4,Potential Loyalists,3
1255,214,2,172820.84,4,Potential Loyalists,3
1047,256,2,172764.97999999998,4,Potential Loyalists,3
35,279,3,172468.52000000002,4,Potential Loyalists,3
1324,151,2,172438.3,4,Potential Loyalists,3
2186,172,3,172420.08,4,Potential Loyalists,3
291,131,2,171757.28,4,Potential Loyalists,3
2,178,2,171368.97999999998,4,Potential Loyalists,3
133,185,2,171150.8,4,Potential Loyalists,3
2204,141,3,171090.82,4,Potential Loyalists,3
2077,138,2,170956.65999999997,4,Potential Loyalists,3
123,164,2,170614.04,4,Potential Loyalists,3
2111,274,2,170416.22,4,Potential Loyalists,3
2013,203,3,170055.39,4,Potential Loyalists,3
1565,192,3,169998.24,4,Potential Loyalists,3
1133,146,2,169945.72999999998,4,Potential Loyalists,3
2430,187,2,169574.52000000002,4,Potential Loyalists,3
1263,107,2,169558.22,4,Potential Loyalists,3
805,240,2,169452.65,4,Potential Loyalists,3
1985,107,2,168684.05,4,Potential Loyalists,3
2026,238,3,167835.19,4,Potential Loyalists,3
226,163,2,167783.18,4,Potential Loyalists,3
2327,203,2,167003.09999999998,4,Potential Loyalists,3
1705,145,3,166662.38,4,Potential Loyalists,3
275,232,2,166577.49,4,Potential Loyalists,3
727,166,2,166385.44,4,Potential Loyalists,3
2448,184,2,165736.34999999998,4,Potential Loyalists,3
1479,211,2,165697.72999999998,4,Potential Loyalists,3
839,197,3,165069.63,4,Potential Loyalists,3
161,135,2,164829.65,4,Potential Loyalists,3
174,143,2,164595.82,4,Potential Loyalists,3
415,166,2,164553.27000000002,4,Potential Loyalists,3
2047,187,2,163881.8,4,Potential Loyalists,3
1481,270,2,163329.6,4,Potential Loyalists,3
2230,157,2,162601.75,4,Potential Loyalists,3
343,109,2,162266.7,4,Potential Loyalists,3
1680,114,2,162056.6,4,Potential Loyalists,3
309,109,3,161854.82,4,Potential Loyalists,3
173,158,2,161842.47,4,Potential Loyalists,3
1464,147,2,161310.41999999998,4,Potential Loyalists,3
2487,215,3,161266.19,4,Potential Loyalists,3
2455,244,2,160062.89,4,Potential Loyalists,3
2004,212,3,159704.45,4,Potential Loyalists,3
1235,147,2,159543.88,4,Potential Loyalists,3
1316,211,2,159258.53,4,Potential Loyalists,3
126,110,3,157774.35,4,Potential Loyalists,3
2179,139,3,157704.79,4,Potential Loyalists,3
987,128,2,157688.06,4,Potential Loyalists,3
579,160,2,157113.65,4,Potential Loyalists,3
238,183,2,157095.47999999998,4,Potential Loyalists,3
2162,136,3,156804.34,4,Potential Loyalists,3
856,157,2,156324.19,4,Potential Loyalists,3
63,191,3,156104.71999999997,4,Potential Loyalists,3
973,191,3,156042.52,4,Potential Loyalists,3
2034,216,3,155858.94,4,Potential Loyalists,3
430,149,3,155854.65999999997,4,Potential Loyalists,3
956,181,2,154136.53999999998,4,Potential Loyalists,3
1444,193,2,154133.91,4,Potential Loyalists,3
1748,180,3,154125.21,4,Potential Loyalists,3
12,129,2,154010.54,4,Potential Loyalists,3
1700,110,2,153385.76,4,Potential Loyalists,3
1421,236,2,153243.0,4,Potential Loyalists,3
325,169,2,153206.39,4,Potential Loyalists,3
365,162,2,153116.32,4,Potential Loyalists,3
2263,149,3,152905.88999999998,4,Potential Loyalists,3
1701,197,2,152578.94,4,Potential Loyalists,3
1536,176,2,152314.39,4,Potential Loyalists,3
99,115,2,152136.36,4,Potential Loyalists,3
1115,167,2,152080.65,4,Potential Loyalists,3
1302,197,2,151837.87,4,Potential Loyalists,3
1725,166,3,151765.5,4,Potential Loyalists,3
1246,170,2,151359.8,4,Potential Loyalists,3
1244,161,3,151219.5,4,Potential Loyalists,3
1013,134,2,151074.43,4,Potential Loyalists,3
166,129,2,151071.44,4,Potential Loyalists,3
1997,149,2,151046.83000000002,4,Potential Loyalists,3
104,239,2,150405.44,4,Potential Loyalists,3
1156,115,2,149598.9,4,Potential Loyalists,3
1273,207,2,149378.53,4,Potential Loyalists,3
2278,197,2,149300.02000000002,4,Potential Loyalists,3
2314,221,2,149246.48,4,Potential Loyalists,3
1301,196,2,148537.36,4,Potential Loyalists,3
1606,113,2,148345.15,4,Potential Loyalists,3
1924,180,2,148166.58000000002,4,Potential Loyalists,3
1426,156,2,148019.15000000002,4,Potential Loyalists,3
863,172,2,147920.54,4,Potential Loyalists,3
1307,145,3,147634.49,4,Potential Loyalists,3
323,137,2,147551.26,4,Potential Loyalists,3
129,126,2,147199.32,4,Potential Loyalists,3
1466,107,3,146673.31999999998,4,Potential Loyalists,3
1957,121,2,145950.32,4,Potential Loyalists,3
2439,116,2,145758.99,4,Potential Loyalists,3
940,215,2,145735.62,4,Potential Loyalists,3
296,186,2,145628.63999999998,4,Potential Loyalists,3
1911,219,2,145333.04,4,Potential Loyalists,3
531,176,2,145247.72999999998,4,Potential Loyalists,3
2083,169,2,145101.37,4,Potential Loyalists,3
1731,231,2,144717.97999999998,4,Potential Loyalists,3
991,140,2,144143.75,4,Potential Loyalists,3
358,202,3,143468.93,4,Potential Loyalists,3
1206,121,2,143353.75,4,Potential Loyalists,3
1313,171,2,143009.57,4,Potential Loyalists,3
945,239,2,141839.34,4,Potential Loyalists,3
2382,249,2,141764.85,4,Potential Loyalists,3
1850,172,2,141328.13999999998,4,Potential Loyalists,3
2422,171,2,140899.15000000002,4,Potential Loyalists,3
207,109,3,140818.49,4,Potential Loyalists,3
899,152,2,140813.7,4,Potential Loyalists,3
1241,224,2,140559.44,4,Potential Loyalists,3
1152,113,3,140229.14,4,Potential Loyalists,3
2056,122,2,139761.46000000002,4,Potential Loyalists,3
635,150,3,139747.33000000002,4,Potential Loyalists,3
2136,133,2,139495.16,4,Potential Loyalists,3
2451,131,2,139423.6,4,Potential Loyalists,3
1954,200,3,139174.05,4,Potential Loyalists,3
1871,227,3,138037.83,4,Potential Loyalists,3
1556,297,3,137974.91999999998,4,Potential Loyalists,3
1021,238,2,137295.61,4,Potential Loyalists,3
885,191,2,137212.55,4,Potential Loyalists,3
1625,161,2,136824.15,4,Potential Loyalists,3
1775,173,2,136266.62,4,Potential Loyalists,3
158,169,2,136098.71000000002,4,Potential Loyalists,3
197,145,2,136068.78,4,Potential Loyalists,3
1632,209,2,135692.66,4,Potential Loyalists,3
2141,161,2,135432.47,4,Potential Loyalists,3
364,159,2,134129.86,4,Potential Loyalists,3
9,234,2,133861.39,4,Potential Loyalists,3
1296,132,2,133162.41999999998,4,Potential Loyalists,3
1193,185,2,132481.71,4,Potential Loyalists,3
2238,234,2,132170.61000000002,4,Potential Loyalists,3
1493,145,3,131808.38,4,Potential Loyalists,3
15,215,2,131562.21,4,Potential Loyalists,3
2457,206,2,131484.91999999998,4,Potential Loyalists,3
107,125,2,131453.3,4,Potential Loyalists,3
214,157,2,131106.53,4,Potential Loyalists,3
2227,128,3,130677.06,4,Potential Loyalists,3
201,205,2,130571.11000000002,4,Potential Loyalists,3
289,148,2,130358.95999999999,4,Potential Loyalists,3
735,136,2,130102.72,4,Potential Loyalists,3
1285,183,2,129928.26,4,Potential Loyalists,3
140,163,2,128247.04,4,Potential Loyalists,3
6,133,2,127939.59,4,Potential Loyalists,3
2466,157,2,127788.47,4,Potential Loyalists,3
1334,134,2,127371.27,4,Potential Loyalists,3
511,126,2,127008.95999999999,4,Potential Loyalists,3
702,157,2,126756.92,4,Potential Loyalists,3
2055,209,2,126735.82,4,Potential Loyalists,3
2045,214,2,126401.97,4,Potential Loyalists,3
81,167,2,125532.75,4,Potential Loyalists,3
1860,224,2,125384.49,4,Potential Loyalists,3
2165,116,3,125370.46000000002,4,Potential Loyalists,3
1589,152,2,125182.98000000001,4,Potential Loyalists,3
721,214,2,125149.14000000001,4,Potential Loyalists,3
337,193,2,125021.95,4,Potential Loyalists,3
1798,153,2,124740.45999999999,4,Potential Loyalists,3
240,183,2,124734.44,4,Potential Loyalists,3
1931,163,2,124535.10999999999,4,Potential Loyalists,3
2320,90,3,124117.67,4,Potential Loyalists,3
1289,163,2,123977.47,4,Potential Loyalists,3
921,130,2,123500.51000000001,4,Potential Loyalists,3
684,159,2,123102.48,4,Potential Loyalists,3
591,211,2,122053.19,4,Potential Loyalists,3
490,160,2,121568.12000000001,4,Potential Loyalists,3
561,227,2,121530.20999999999,4,Potential Loyalists,3
691,186,2,121100.66,4,Potential Loyalists,3
2477,178,2,120943.88,4,Potential Loyalists,3
443,182,2,120301.17,4,Potential Loyalists,3
1485,136,2,118831.3,4,Potential Loyalists,3
1480,128,2,118597.54000000001,4,Potential Loyalists,3
1866,137,2,118264.4,4,Potential Loyalists,3
2097,215,2,117641.29000000001,4,Potential Loyalists,3
1511,142,2,117612.8,4,Potential Loyalists,3
656,215,2,117437.82,4,Potential Loyalists,3
2029,142,2,116513.73000000001,4,Potential Loyalists,3
514,222,2,116316.03,4,Potential Loyalists,3
2222,169,2,116249.11,4,Potential Loyalists,3
1062,207,2,115132.79000000001,4,Potential Loyalists,3
1982,158,3,114375.66,4,Potential Loyalists,3
1832,182,2,112945.69,4,Potential Loyalists,3
1382,129,2,112852.25,4,Potential Loyalists,3
1950,177,2,112201.35,4,Potential Loyalists,3
1352,170,2,112047.70000000001,4,Potential Loyalists,3
1777,140,2,111580.97,4,Potential Loyalists,3
1751,215,2,111573.73999999999,4,Potential Loyalists,3
1622,156,2,111373.86,4,Potential Loyalists,3
724,215,2,110424.32,4,Potential Loyalists,3
2254,134,2,110417.19,4,Potential Loyalists,3
2252,145,2,109650.3,4,Potential Loyalists,3
2212,151,2,109445.58,4,Potential Loyalists,3
1624,185,2,109155.13,4,Potential Loyalists,3
1045,163,2,108694.23999999999,4,Potential Loyalists,3
1284,181,2,108389.68,4,Potential Loyalists,3
2482,175,2,106835.6,4,Potential Loyalists,3
2347,177,2,105362.35,4,Potential Loyalists,3
2425,150,2,104622.79000000001,4,Potential Loyalists,3
69,190,2,104463.07,4,Potential Loyalists,3
423,156,2,104461.1,4,Potential Loyalists,3
2193,141,2,103938.37,4,Potential Loyalists,3
2137,197,2,103705.24,4,Potential Loyalists,3
2147,208,2,103574.94,4,Potential Loyalists,3
586,172,2,103440.67,4,Potential Loyalists,3
1938,162,2,102016.35,4,Potential Loyalists,3
1909,193,2,99303.06,4,Potential Loyalists,3
2416,200,2,99047.89,4,Potential Loyalists,3
2255,138,2,96554.4,4,Potential Loyalists,3
344,162,2,96141.42,4,Potential Loyalists,3
798,142,2,92844.74,4,Potential Loyalists,3
372,190,2,91825.22,4,Potential Loyalists,3
603,181,2,91654.52,4,Potential Loyalists,3
2224,146,2,90827.06,4,Potential Loyalists,3
2105,181,2,89761.32,4,Potential Loyalists,3
562,191,2,88750.99,4,Potential Loyalists,3
848,147,2,86074.16,4,Potential Loyalists,3
1275,161,2,82602.1,4,Potential Loyalists,3
2160,147,2,80874.12,4,Potential Loyalists,3
340,149,2,79759.69,4,Potential Loyalists,3
1925,187,2,75049.9,4,Potential Loyalists,3
788,185,2,74271.85,4,Potential Loyalists,3
2270,160,2,64352.85,4,Potential Loyalists,3
1416,178,2,63702.38,4,Potential Loyalists,3
585,79,2,195575.31,2,At Risk,4
1174,47,2,186786.52,2,At Risk,4
357,84,2,186245.01,2,At Risk,4
1433,74,2,184792.65000000002,2,At Risk,4
596,20,2,184623.56,2,At Risk,4
3,50,2,184452.86,2,At Risk,4
294,90,2,184228.0,2,At Risk,4
1236,26,2,183822.47,2,At Risk,4
1608,42,2,183770.04,2,At Risk,4
771,41,2,183146.64,2,At Risk,4
748,14,2,182876.32,2,At Risk,4
893,77,2,182862.59,2,At Risk,4
1168,54,2,179316.1,2,At Risk,4
525,13,2,177622.2,2,At Risk,4
2467,43,2,176825.97999999998,2,At Risk,4
2352,23,2,176036.41999999998,2,At Risk,4
1803,29,2,175651.16999999998,2,At Risk,4
2364,51,2,175598.71000000002,2,At Risk,4
1586,21,2,175592.58000000002,2,At Risk,4
64,77,2,175252.26,2,At Risk,4
1385,23,2,175223.16999999998,2,At Risk,4
1320,3,2,174206.16999999998,2,At Risk,4
2309,16,2,174127.49,2,At Risk,4
1430,36,2,173940.6,2,At Risk,4
588,21,2,172976.96,2,At Risk,4
1867,23,2,172923.78,2,At Risk,4
1678,51,2,172872.32,2,At Risk,4
84,45,2,172421.52,2,At Risk,4
1942,77,2,172096.2,2,At Risk,4
1993,97,2,171648.3,2,At Risk,4
1449,92,2,168804.64,2,At Risk,4
1339,24,2,168751.54,2,At Risk,4
629,98,2,168671.26,2,At Risk,4
2495,29,2,168631.94,2,At Risk,4
1064,40,2,167616.71000000002,2,At Risk,4
2310,56,2,167555.59999999998,2,At Risk,4
1668,67,2,167281.55,2,At Risk,4
375,13,2,166534.39,2,At Risk,4
391,43,2,166231.21000000002,2,At Risk,4
1151,8,2,166013.36,2,At Risk,4
353,93,2,164894.63,2,At Risk,4
1067,23,2,164638.62,2,At Risk,4
476,28,2,163807.86,2,At Risk,4
1148,27,2,163537.97999999998,2,At Risk,4
1179,28,2,163301.79,2,At Risk,4
1120,34,2,163109.63,2,At Risk,4
1084,31,2,162809.77,2,At Risk,4
1635,54,2,162372.02,2,At Risk,4
2312,103,2,161592.8,2,At Risk,4
2398,13,2,161286.53999999998,2,At Risk,4
1593,95,2,160919.28999999998,2,At Risk,4
2199,83,2,160401.77000000002,2,At Risk,4
2100,0,2,160162.21000000002,2,At Risk,4
43,42,2,160061.75,2,At Risk,4
1195,8,2,159952.94,2,At Risk,4
642,75,2,159599.29,2,At Risk,4
387,5,2,159427.52000000002,2,At Risk,4
776,6,2,159294.1,2,At Risk,4
1630,88,2,158804.21,2,At Risk,4
1721,42,2,158115.92,2,At Risk,4
1554,81,2,158072.06,2,At Risk,4
1342,55,2,157941.28000000003,2,At Risk,4
1510,31,2,157922.16999999998,2,At Risk,4
1111,56,2,157902.22999999998,2,At Risk,4
298,71,2,157741.97,2,At Risk,4
1724,81,2,157448.85,2,At Risk,4
485,46,2,157107.94,2,At Risk,4
816,81,2,156705.95,2,At Risk,4
1828,89,2,156659.16,2,At Risk,4
2403,3,2,156221.73,2,At Risk,4
1892,59,2,156060.32,2,At Risk,4
230,56,2,155707.49,2,At Risk,4
20,53,2,155505.2,2,At Risk,4
399,6,2,155341.28999999998,2,At Risk,4
429,15,2,155227.93,2,At Risk,4
1490,36,2,154615.72,2,At Risk,4
1347,21,2,154408.4,2,At Risk,4
2394,28,2,154388.77,2,At Risk,4
1299,39,2,154297.68,2,At Risk,4
2175,34,2,154291.32,2,At Risk,4
902,13,2,154252.16999999998,2,At Risk,4
390,56,2,153983.97,2,At Risk,4
1159,99,2,153934.17,2,At Risk,4
718,17,2,153627.39,2,At Risk,4
1468,10,2,153613.55,2,At Risk,4
2330,88,2,153432.7,2,At Risk,4
335,33,2,152945.52,2,At Risk,4
1688,97,2,152342.66999999998,2,At Risk,4
786,93,2,151593.2,2,At Risk,4
1817,4,2,151551.74,2,At Risk,4
2321,14,2,151502.07,2,At Risk,4
145,66,2,151418.72999999998,2,At Risk,4
329,100,2,151392.92,2,At Risk,4
943,18,2,151370.01,2,At Risk,4
2166,67,2,151218.33000000002,2,At Risk,4
542,6,2,151041.78,2,At Risk,4
2205,69,2,150969.68,2,At Risk,4
2470,107,2,150817.46000000002,2,At Risk,4
2093,29,2,150019.45,2,At Risk,4
2233,29,2,149660.14,2,At Risk,4
661,44,2,149252.56,2,At Risk,4
763,28,2,149248.92,2,At Risk,4
1463,56,2,148775.68,2,At Risk,4
1160,103,2,148755.51,2,At Risk,4
2486,4,2,148716.54,2,At Risk,4
664,6,2,148641.87,2,At Risk,4
2210,101,2,148566.83,2,At Risk,4
2234,23,2,148286.4,2,At Risk,4
2126,11,2,147612.94,2,At Risk,4
1366,11,2,147200.82,2,At Risk,4
237,78,2,146793.32,2,At Risk,4
431,62,2,146639.9,2,At Risk,4
884,82,2,145998.19,2,At Risk,4
236,45,2,145274.96,2,At Risk,4
1024,81,2,145163.97999999998,2,At Risk,4
2028,46,2,145121.29,2,At Risk,4
1569,31,2,145004.83000000002,2,At Risk,4
716,72,2,143872.65,2,At Risk,4
2274,2,2,143835.0,2,At Risk,4
1139,60,2,143193.63,2,At Risk,4
1101,50,2,143068.42,2,At Risk,4
879,15,2,143051.78,2,At Risk,4
1125,24,2,143016.2,2,At Risk,4
2096,81,2,142915.47,2,At Risk,4
1528,23,2,142369.89,2,At Risk,4
2350,70,2,142133.55,2,At Risk,4
914,3,2,142091.69,2,At Risk,4
689,7,2,142084.15000000002,2,At Risk,4
2285,109,2,141711.31,2,At Risk,4
1318,56,2,141552.14,2,At Risk,4
1843,99,2,141457.3,2,At Risk,4
48,26,2,141365.87,2,At Risk,4
2344,34,2,141364.74,2,At Risk,4
2155,58,2,141320.53999999998,2,At Risk,4
379,0,2,141110.72,2,At Risk,4
181,56,2,140697.97,2,At Risk,4
1006,0,2,140488.3,2,At Risk,4
1032,0,2,140174.8,2,At Risk,4
1460,22,2,139979.46000000002,2,At Risk,4
1398,28,2,139694.49,2,At Risk,4
1697,48,2,139677.97,2,At Risk,4
2168,103,2,139560.16999999998,2,At Risk,4
984,36,2,139369.49,2,At Risk,4
2412,30,2,139299.66999999998,2,At Risk,4
1372,6,2,139056.04,2,At Risk,4
606,16,2,138575.84,2,At Risk,4
1781,65,2,138332.29,2,At Risk,4
440,114,2,138275.62,2,At Risk,4
1492,37,2,138135.11,2,At Risk,4
278,5,2,138065.39,2,At Risk,4
97,102,2,138054.37,2,At Risk,4
820,43,2,138037.06,2,At Risk,4
2171,33,2,138018.41999999998,2,At Risk,4
1377,11,2,137974.68,2,At Risk,4
249,73,2,137773.12,2,At Risk,4
2122,47,2,137655.86,2,At Risk,4
2303,100,2,137510.55,2,At Risk,4
31,7,2,137441.23,2,At Risk,4
1232,53,2,137390.0,2,At Risk,4
679,32,2,137238.35,2,At Risk,4
843,99,2,137152.3,2,At Risk,4
508,18,2,137150.38,2,At Risk,4
2363,29,2,136667.64,2,At Risk,4
834,94,2,136657.35,2,At Risk,4
1323,88,2,136627.48,2,At Risk,4
1344,80,2,136578.25,2,At Risk,4
1919,8,2,136481.47,2,At Risk,4
1081,57,2,136300.9,2,At Risk,4
1208,111,2,135971.57,2,At Risk,4
854,68,2,135726.12,2,At Risk,4
1314,41,2,135490.93,2,At Risk,4
2497,96,2,135222.84,2,At Risk,4
510,27,2,135186.53,2,At Risk,4
576,31,2,134967.62,2,At Risk,4
963,52,2,134950.92,2,At Risk,4
2490,67,2,134947.69,2,At Risk,4
853,112,2,134472.68,2,At Risk,4
1995,87,2,134443.39,2,At Risk,4
93,95,2,134120.2,2,At Risk,4
2208,67,2,133772.99,2,At Risk,4
2134,16,2,133630.96,2,At Risk,4
257,28,2,133550.26,2,At Risk,4
840,12,2,133445.87,2,At Risk,4
1703,76,2,133151.22999999998,2,At Risk,4
1875,87,2,132944.12,2,At Risk,4
1211,86,2,132804.66,2,At Risk,4
215,94,2,132350.03,2,At Risk,4
268,34,2,132231.5,2,At Risk,4
1520,62,2,131900.28,2,At Risk,4
1003,2,2,131843.91999999998,2,At Risk,4
1365,40,2,131581.19,2,At Risk,4
667,11,2,131556.36,2,At Risk,4
1765,26,2,131484.58000000002,2,At Risk,4
762,18,2,131459.53999999998,2,At Risk,4
1757,55,2,131438.26,2,At Risk,4
1699,26,2,131134.74,2,At Risk,4
267,18,2,131072.02000000002,2,At Risk,4
13,1,2,130988.60999999999,2,At Risk,4
1202,39,2,130784.63,2,At Risk,4
1941,45,2,130775.88,2,At Risk,4
1254,81,2,129966.94,2,At Risk,4
299,10,2,129848.97,2,At Risk,4
1547,47,2,129487.0,2,At Risk,4
1346,78,2,129239.68,2,At Risk,4
2064,78,2,129123.8,2,At Risk,4
2030,69,2,129103.04999999999,2,At Risk,4
1504,81,2,128928.77,2,At Risk,4
723,3,2,128488.76000000001,2,At Risk,4
155,101,2,128144.65,2,At Risk,4
981,83,2,128128.95999999999,2,At Risk,4
170,11,2,128039.83,2,At Risk,4
223,76,2,127983.43,2,At Risk,4
270,32,2,127848.56,2,At Risk,4
1341,37,2,127811.73,2,At Risk,4
1020,6,2,127723.67000000001,2,At Risk,4
1097,43,2,127608.22,2,At Risk,4
649,40,2,127442.11000000002,2,At Risk,4
1483,52,2,127280.98,2,At Risk,4
2469,73,2,127215.55,2,At Risk,4
466,99,2,127133.87,2,At Risk,4
600,15,2,126887.03,2,At Risk,4
1846,60,2,126520.38,2,At Risk,4
171,15,2,126248.86,2,At Risk,4
2379,49,2,126219.13,2,At Risk,4
1199,10,2,126195.75,2,At Risk,4
698,95,2,125735.92000000001,2,At Risk,4
451,36,2,125444.54999999999,2,At Risk,4
121,84,2,125398.45999999999,2,At Risk,4
683,3,2,125270.35999999999,2,At Risk,4
1814,26,2,125226.84,2,At Risk,4
658,102,2,125171.08000000002,2,At Risk,4
1399,6,2,124789.97,2,At Risk,4
1290,71,2,124494.01,2,At Risk,4
2449,73,2,124431.81,2,At Risk,4
1656,37,2,124296.85,2,At Risk,4
654,19,2,123657.21,2,At Risk,4
1224,29,2,123538.92,2,At Risk,4
959,31,2,123214.9,2,At Risk,4
1988,18,2,123177.6,2,At Risk,4
841,109,2,122972.53,2,At Risk,4
2408,42,2,122650.62,2,At Risk,4
2070,33,2,122579.48,2,At Risk,4
873,80,2,122570.1,2,At Risk,4
2387,3,2,122537.93,2,At Risk,4
1472,58,2,122266.25,2,At Risk,4
1370,65,3,122071.76999999999,2,At Risk,4
1438,23,2,121692.71,2,At Risk,4
1821,97,2,121678.57,2,At Risk,4
1878,98,2,121614.72,2,At Risk,4
2500,19,2,121313.9,2,At Risk,4
2293,41,2,121030.12999999999,2,At Risk,4
1242,71,2,120749.95999999999,2,At Risk,4
787,67,2,120646.13999999998,2,At Risk,4
1851,120,2,120605.39,2,At Risk,4
1106,28,2,120482.12,2,At Risk,4
2384,27,2,120374.32,2,At Risk,4
686,50,2,120338.49,2,At Risk,4
644,14,2,120283.98999999999,2,At Risk,4
2407,53,2,120077.43,2,At Risk,4
1266,23,2,119865.18999999999,2,At Risk,4
1513,51,2,119581.79999999999,2,At Risk,4
1666,56,2,119550.33,2,At Risk,4
232,70,3,119434.95,2,At Risk,4
481,15,2,119415.63,2,At Risk,4
1774,14,3,119276.59,2,At Risk,4
1614,25,2,119276.2,2,At Risk,4
1527,99,2,119086.16,2,At Risk,4
1548,118,2,118435.47,2,At Risk,4
754,89,2,118064.94,2,At Risk,4
1475,33,2,118010.18,2,At Risk,4
2390,48,3,117961.09999999999,2,At Risk,4
971,27,2,117774.42000000001,2,At Risk,4
1555,27,3,117625.28,2,At Risk,4
367,16,2,117368.12,2,At Risk,4
1576,18,3,117167.63,2,At Risk,4
1667,82,2,116880.54999999999,2,At Risk,4
128,69,2,116611.36,2,At Risk,4
676,14,2,116597.97,2,At Risk,4
2109,82,2,116447.56,2,At Risk,4
640,99,2,116420.92,2,At Risk,4
2112,73,2,116136.98999999999,2,At Risk,4
1259,84,2,116032.48,2,At Risk,4
424,64,2,115376.98999999999,2,At Risk,4
652,115,2,115348.06,2,At Risk,4
747,82,3,115261.85,2,At Risk,4
1726,124,2,115215.25,2,At Risk,4
1979,64,3,114991.46,2,At Risk,4
1600,13,2,114986.40000000001,2,At Risk,4
45,106,2,114667.42,2,At Risk,4
1037,71,2,114627.56,2,At Risk,4
1216,118,2,113862.06,2,At Risk,4
1340,75,3,113377.57,2,At Risk,4
2499,127,2,112935.23999999999,2,At Risk,4
2491,93,2,112263.20999999999,2,At Risk,4
553,39,2,112200.88,2,At Risk,4
157,14,2,112111.45999999999,2,At Risk,4
2032,58,2,111661.98,2,At Risk,4
463,10,2,111580.5,2,At Risk,4
566,4,2,111538.70000000001,2,At Risk,4
1784,65,2,111271.51000000001,2,At Risk,4
484,54,2,111256.68,2,At Risk,4
1616,81,2,111112.98999999999,2,At Risk,4
1792,31,2,110996.58,2,At Risk,4
105,2,2,110939.15000000001,2,At Risk,4
2101,92,2,110593.64,2,At Risk,4
228,21,2,110365.84,2,At Risk,4
2123,24,2,109959.45,2,At Risk,4
50,50,2,109831.23,2,At Risk,4
870,84,2,109672.45999999999,2,At Risk,4
1637,62,2,109418.03,2,At Risk,4
1716,15,3,108558.95000000001,2,At Risk,4
1657,8,2,108539.08,2,At Risk,4
1767,25,2,108156.85,2,At Risk,4
2370,77,2,108046.83,2,At Risk,4
948,71,2,107712.61,2,At Risk,4
1857,6,2,107230.0,2,At Risk,4
1149,60,2,106848.7,2,At Risk,4
935,16,2,106547.53,2,At Risk,4
2207,60,2,106329.03,2,At Risk,4
2211,118,2,105945.89,2,At Risk,4
2062,1,2,105839.13,2,At Risk,4
1091,81,2,105781.19,2,At Risk,4
2251,99,2,105778.16,2,At Risk,4
2042,130,2,105576.44,2,At Risk,4
1327,44,2,105564.38,2,At Risk,4
1681,89,3,105019.0,2,At Risk,4
993,51,2,104895.98000000001,2,At Risk,4
1178,83,2,104687.36,2,At Risk,4
1191,67,2,104388.06,2,At Risk,4
1629,3,2,103510.43,2,At Risk,4
1428,95,2,103346.97,2,At Risk,4
557,131,2,103296.59,2,At Risk,4
407,16,2,103238.70999999999,2,At Risk,4
2465,18,2,103150.23000000001,2,At Risk,4
1348,46,2,103080.09,2,At Risk,4
114,23,2,102936.09,2,At Risk,4
1252,36,2,102564.62,2,At Risk,4
2226,87,2,102534.66,2,At Risk,4
822,64,2,102012.69,2,At Risk,4
1092,67,2,101649.03,2,At Risk,4
287,12,2,101527.56,2,At Risk,4
777,5,2,101463.07999999999,2,At Risk,4
1963,26,2,101186.4,2,At Risk,4
2291,93,2,100805.20999999999,2,At Risk,4
1035,111,2,100608.26999999999,2,At Risk,4
1402,36,2,100541.01999999999,2,At Risk,4
1797,99,2,100369.61,2,At Risk,4
568,46,2,100192.59,2,At Risk,4
1752,118,2,100105.94,2,At Risk,4
1150,31,1,99985.86,2,At Risk,4
1441,59,1,99851.4,2,At Risk,4
1747,19,2,99767.85,2,At Risk,4
2173,104,1,99585.46,2,At Risk,4
2019,96,1,99313.08,2,At Risk,4
402,35,2,99242.86,2,At Risk,4
377,111,2,99161.42,2,At Risk,4
217,44,2,99119.41,2,At Risk,4
169,121,2,99085.98000000001,2,At Risk,4
1143,52,1,99026.79,2,At Risk,4
979,88,2,98877.29,2,At Risk,4
68,29,1,98855.02,2,At Risk,4
2036,49,2,98569.4,2,At Risk,4
755,29,2,98325.81,2,At Risk,4
1889,93,1,98226.97,2,At Risk,4
1374,73,2,98124.72,2,At Risk,4
1482,29,1,98118.39,2,At Risk,4
2319,107,1,98053.66,2,At Risk,4
2076,59,1,97924.96,2,At Risk,4
1383,159,1,97836.81,2,At Risk,4
1898,145,1,97803.73,2,At Risk,4
946,107,2,97661.65,2,At Risk,4
1260,90,1,97380.99,2,At Risk,4
800,152,1,97260.1,2,At Risk,4
445,69,1,97110.77,2,At Risk,4
124,57,1,97008.63,2,At Risk,4
1075,4,2,96959.0,2,At Risk,4
1051,25,1,96923.86,2,At Risk,4
109,57,1,96914.39,2,At Risk,4
283,25,2,96901.14,2,At Risk,4
371,13,3,96784.7,2,At Risk,4
789,98,1,96482.43,2,At Risk,4
2276,50,1,96277.17,2,At Risk,4
891,45,1,96024.5,2,At Risk,4
2264,38,1,96021.21,2,At Risk,4
355,22,1,95423.39,2,At Risk,4
1643,10,1,95416.75,2,At Risk,4
1278,27,2,95366.54000000001,2,At Risk,4
366,33,2,94664.5,2,At Risk,4
2308,29,1,94655.91,2,At Risk,4
2380,131,1,94568.04,2,At Risk,4
1023,3,1,94531.83,2,At Risk,4
862,102,2,94350.1,2,At Risk,4
1749,137,1,94283.01,2,At Risk,4
1761,8,1,94261.56,2,At Risk,4
2079,146,1,94145.44,2,At Risk,4
347,49,1,94097.04,2,At Risk,4
592,35,2,94074.79000000001,2,At Risk,4
1758,49,1,94032.88,2,At Risk,4
2011,35,2,93734.77,2,At Risk,4
867,45,2,93689.97,2,At Risk,4
2213,104,1,93528.22,2,At Risk,4
509,8,2,93280.7,2,At Risk,4
427,76,2,93165.82,2,At Risk,4
831,10,2,93141.82,2,At Risk,4
1233,24,2,93055.36,2,At Risk,4
1180,33,1,92912.8,2,At Risk,4
1451,127,1,92661.59,2,At Risk,4
1046,80,2,92629.22,2,At Risk,4
62,65,2,92596.88,2,At Risk,4
2300,41,2,92538.93,2,At Risk,4
1815,121,1,92476.59,2,At Risk,4
564,77,2,92081.25,2,At Risk,4
693,33,1,92015.29,2,At Risk,4
1413,95,1,91991.69,2,At Risk,4
796,26,2,91971.82999999999,2,At Risk,4
345,71,1,91925.74,2,At Risk,4
1095,67,1,91834.46,2,At Risk,4
2331,80,2,91767.13,2,At Risk,4
1880,55,1,91720.75,2,At Risk,4
1706,134,1,91657.16,2,At Risk,4
2435,44,1,91638.08,2,At Risk,4
1033,67,1,90876.25,2,At Risk,4
1245,106,2,90639.37,2,At Risk,4
728,74,1,90439.76,2,At Risk,4
1182,25,2,90333.43,2,At Risk,4
432,78,1,90247.75,2,At Risk,4
1044,34,1,90219.54,2,At Risk,4
660,11,2,90086.47,2,At Risk,4
1470,43,2,90084.68,2,At Risk,4
2372,85,1,89834.23,2,At Risk,4
1141,79,1,89827.75,2,At Risk,4
1673,60,1,89799.79,2,At Risk,4
1905,137,1,89730.4,2,At Risk,4
1686,78,1,89540.91,2,At Risk,4
2163,104,1,89434.0,2,At Risk,4
1756,10,2,89409.35,2,At Risk,4
1238,120,2,89360.14,2,At Risk,4
1793,95,1,89232.69,2,At Risk,4
818,51,2,89069.01,2,At Risk,4
964,148,1,88674.06,2,At Risk,4
633,105,1,88643.35,2,At Risk,4
1809,123,2,88483.01,2,At Risk,4
2058,133,1,88452.93,2,At Risk,4
1268,60,2,88300.9,2,At Risk,4
2167,110,1,88139.09,2,At Risk,4
594,128,2,87779.26000000001,2,At Risk,4
895,18,2,87704.85,2,At Risk,4
394,60,1,87595.13,2,At Risk,4
332,114,2,87335.64,2,At Risk,4
806,129,2,87127.41,2,At Risk,4
1027,14,1,87120.17,2,At Risk,4
2061,10,2,86816.60999999999,2,At Risk,4
741,42,1,86403.33,2,At Risk,4
641,1,2,86258.43,2,At Risk,4
2334,10,1,86221.94,2,At Risk,4
1755,145,1,85897.02,2,At Risk,4
2444,67,1,85849.06,2,At Risk,4
1317,42,2,85840.01000000001,2,At Risk,4
2452,1,2,85798.63,2,At Risk,4
1732,17,1,85675.6,2,At Risk,4
1575,118,2,85332.20999999999,2,At Risk,4
906,61,2,85223.66,2,At Risk,4
263,97,1,84826.4,2,At Risk,4
1710,6,1,84322.3,2,At Risk,4
1401,68,1,83959.57,2,At Risk,4
1502,51,2,83801.59,2,At Risk,4
1787,6,2,83647.85999999999,2,At Risk,4
558,9,2,83306.98999999999,2,At Risk,4
1117,38,1,83101.69,2,At Risk,4
2161,3,2,83012.85,2,At Risk,4
1519,25,2,82877.68,2,At Risk,4
1921,44,1,82794.78,2,At Risk,4
1354,130,1,82788.31,2,At Risk,4
1621,98,1,82655.18,2,At Risk,4
878,30,2,82387.12,2,At Risk,4
773,46,1,82356.62,2,At Risk,4
1039,6,1,82187.43,2,At Risk,4
859,98,1,82183.02,2,At Risk,4
1249,26,2,82086.27,2,At Risk,4
1312,115,1,82047.77,2,At Risk,4
1849,46,2,81963.53,2,At Risk,4
313,23,2,81962.77,2,At Risk,4
2377,51,2,81900.01999999999,2,At Risk,4
1823,42,2,81858.93,2,At Risk,4
726,40,1,81650.7,2,At Risk,4
1884,79,1,81494.45,2,At Risk,4
578,52,1,81143.03,2,At Risk,4
2060,53,1,80527.77,2,At Risk,4
1029,33,1,80484.93,2,At Risk,4
1692,113,2,80225.98,2,At Risk,4
1526,78,1,79854.96,2,At Risk,4
551,41,1,79749.87,2,At Risk,4
835,95,1,79697.01,2,At Risk,4
988,51,1,79666.6,2,At Risk,4
2492,63,2,79235.76000000001,2,At Risk,4
972,98,1,79176.67,2,At Risk,4
1077,55,1,79014.61,2,At Risk,4
1808,89,1,78884.12,2,At Risk,4
1501,127,1,78698.74,2,At Risk,4
1711,92,1,78386.93,2,At Risk,4
1477,56,2,78332.66,2,At Risk,4
1977,69,1,78165.61,2,At Risk,4
582,3,1,78017.89,2,At Risk,4
1862,16,1,77899.66,2,At Risk,4
2063,114,1,77673.6,2,At Risk,4
1659,48,1,77621.29,2,At Risk,4
1770,113,2,77235.38,2,At Risk,4
1090,117,2,77160.92,2,At Risk,4
2328,19,2,77048.29999999999,2,At Risk,4
612,5,1,76963.13,2,At Risk,4
1687,61,2,76923.45999999999,2,At Risk,4
160,39,1,76534.98,2,At Risk,4
331,52,2,76280.67,2,At Risk,4
1209,27,1,76246.19,2,At Risk,4
403,49,1,75925.94,2,At Risk,4
1627,49,1,75862.35,2,At Risk,4
1661,127,2,75795.64,2,At Risk,4
1652,129,1,75768.5,2,At Risk,4
2051,30,1,75724.41,2,At Risk,4
416,31,1,75689.71,2,At Risk,4
2038,101,2,75661.95000000001,2,At Risk,4
1407,23,2,74856.95999999999,2,At Risk,4
2400,152,1,74630.09,2,At Risk,4
901,119,1,74593.99,2,At Risk,4
1542,25,2,74177.61,2,At Risk,4
1742,38,1,74130.49,2,At Risk,4
526,10,2,74015.91,2,At Risk,4
1864,8,2,73863.89,2,At Risk,4
2294,76,1,73586.05,2,At Risk,4
1998,1,1,73476.9,2,At Risk,4
1522,63,1,73294.73,2,At Risk,4
1335,138,1,73186.45,2,At Risk,4
14,48,2,73166.14,2,At Risk,4
106,126,1,72986.7,2,At Risk,4
619,6,2,72558.53,2,At Risk,4
1799,41,2,72541.14,2,At Risk,4
1741,5,1,72072.83,2,At Risk,4
706,129,1,71670.18,2,At Risk,4
400,74,1,71611.12,2,At Risk,4
2188,117,1,71595.18,2,At Risk,4
1173,81,1,71438.88,2,At Risk,4
2040,24,1,70947.67,2,At Risk,4
1213,106,1,70863.21,2,At Risk,4
482,71,1,70704.78,2,At Risk,4
587,4,2,70558.8,2,At Risk,4
889,151,1,70190.87,2,At Risk,4
2434,14,2,70027.64,2,At Risk,4
27,28,1,69665.45,2,At Risk,4
751,138,2,69258.9,2,At Risk,4
1219,22,1,69152.02,2,At Risk,4
779,68,1,69015.08,2,At Risk,4
774,63,1,68486.13,2,At Risk,4
1434,131,1,68192.9,2,At Risk,4
2354,106,1,67975.76,2,At Risk,4
2280,42,1,67962.33,2,At Risk,4
860,12,1,67675.34,2,At Risk,4
18,112,1,67658.67,2,At Risk,4
1588,86,1,67416.88,2,At Risk,4
2024,5,1,67368.03,2,At Risk,4
1683,72,1,67324.63,2,At Risk,4
221,62,1,67175.34,2,At Risk,4
1868,5,1,67050.14,2,At Risk,4
2273,33,1,66858.14,2,At Risk,4
74,74,1,66700.67,2,At Risk,4
1958,10,2,66471.65,2,At Risk,4
1130,147,1,66260.97,2,At Risk,4
116,18,1,66152.79,2,At Risk,4
200,154,1,66089.88,2,At Risk,4
1240,17,1,65692.76,2,At Risk,4
2367,17,1,65572.31,2,At Risk,4
1445,91,1,64749.05,2,At Risk,4
112,95,2,64572.36,2,At Risk,4
674,124,1,64453.98,2,At Risk,4
604,0,1,64110.97,2,At Risk,4
76,82,1,63525.2,2,At Risk,4
2221,2,1,63339.35,2,At Risk,4
2360,58,2,63319.590000000004,2,At Risk,4
2219,52,1,63271.3,2,At Risk,4
281,1,1,63162.22,2,At Risk,4
2108,149,1,62656.49,2,At Risk,4
269,139,1,62555.21,2,At Risk,4
1048,39,1,62205.92,2,At Risk,4
1531,132,1,62121.86,2,At Risk,4
2185,65,1,60995.06,2,At Risk,4
1070,5,1,60584.59,2,At Risk,4
1042,36,1,60123.59,2,At Risk,4
1948,38,1,59581.98,2,At Risk,4
1495,33,1,59008.1,2,At Risk,4
942,4,1,58909.27,2,At Risk,4
605,40,1,57920.26,2,At Risk,4
1329,50,1,57630.47,2,At Risk,4
1188,54,1,57587.43,2,At Risk,4
1073,128,1,57535.39,2,At Risk,4
2088,122,1,57434.25,2,At Risk,4
41,22,1,57165.39,2,At Risk,4
554,11,1,56697.73,2,At Risk,4
243,139,1,56656.06,2,At Risk,4
1414,135,1,56640.11,2,At Risk,4
488,62,1,56484.15,2,At Risk,4
648,34,1,56403.51,2,At Risk,4
882,123,1,55923.33,2,At Risk,4
2113,153,1,55666.0,2,At Risk,4
1704,143,1,55441.56,2,At Risk,4
502,14,1,55049.01,2,At Risk,4
1127,51,1,55005.9,2,At Risk,4
450,29,1,54818.24,2,At Risk,4
2299,117,1,54812.62,2,At Risk,4
1272,38,1,54631.07,2,At Risk,4
1939,17,1,54554.0,2,At Risk,4
926,56,1,54228.37,2,At Risk,4
997,10,1,53675.41,2,At Risk,4
504,65,1,53669.41,2,At Risk,4
491,23,1,53398.35,2,At Risk,4
89,72,1,53158.4,2,At Risk,4
692,65,1,53096.74,2,At Risk,4
2481,39,1,52731.09,2,At Risk,4
1384,88,1,52388.05,2,At Risk,4
1785,59,1,52295.12,2,At Risk,4
190,36,1,51825.89,2,At Risk,4
573,39,1,51747.29,2,At Risk,4
1253,123,1,51590.85,2,At Risk,4
1204,37,1,51481.43,2,At Risk,4
2048,76,1,51368.03,2,At Risk,4
1609,70,1,51279.02,2,At Risk,4
368,47,1,51173.04,2,At Risk,4
630,97,1,51108.89,2,At Risk,4
574,70,1,51030.5,2,At Risk,4
2429,30,1,50605.45,2,At Risk,4
1185,65,1,50448.51,2,At Risk,4
60,7,1,50254.88,2,At Risk,4
2027,14,1,50103.8,2,At Risk,4
235,122,1,49320.44,2,At Risk,4
1558,10,1,49269.87,2,At Risk,4
2170,141,1,49147.66,2,At Risk,4
1626,64,1,48970.34,2,At Risk,4
2237,42,1,48479.04,2,At Risk,4
2269,87,1,48415.97,2,At Risk,4
1226,28,1,48099.49,2,At Risk,4
350,128,1,47947.35,2,At Risk,4
1170,21,1,47926.26,2,At Risk,4
1036,24,1,47794.03,2,At Risk,4
766,30,1,47621.12,2,At Risk,4
1645,25,1,47597.9,2,At Risk,4
1446,116,1,47566.75,2,At Risk,4
92,147,1,47356.0,2,At Risk,4
875,82,1,47023.6,2,At Risk,4
637,139,1,46820.6,2,At Risk,4
1529,32,1,46697.66,2,At Risk,4
1610,118,1,45825.92,2,At Risk,4
2098,44,1,45450.96,2,At Risk,4
1987,92,1,45206.36,2,At Risk,4
59,35,1,44768.6,2,At Risk,4
501,76,1,44646.01,2,At Risk,4
2265,142,1,44508.47,2,At Risk,4
1800,83,1,44349.33,2,At Risk,4
952,91,1,44229.67,2,At Risk,4
639,76,1,44141.07,2,At Risk,4
932,128,1,44049.25,2,At Risk,4
896,48,1,43854.79,2,At Risk,4
2075,34,1,43630.22,2,At Risk,4
1816,151,1,43567.72,2,At Risk,4
535,0,1,43342.69,2,At Risk,4
1719,21,1,43141.17,2,At Risk,4
1469,111,1,43025.43,2,At Risk,4
1573,50,1,42858.14,2,At Risk,4
1584,84,1,42560.56,2,At Risk,4
1207,137,1,42291.91,2,At Risk,4
1277,85,1,42282.38,2,At Risk,4
2404,129,1,42278.39,2,At Risk,4
512,130,1,42077.59,2,At Risk,4
70,17,1,41793.84,2,At Risk,4
783,23,1,41761.18,2,At Risk,4
85,61,1,41725.1,2,At Risk,4
543,135,1,41688.52,2,At Risk,4
907,94,1,41233.71,2,At Risk,4
2099,115,1,41208.36,2,At Risk,4
2197,9,1,40857.38,2,At Risk,4
163,33,1,40732.2,2,At Risk,4
1841,99,1,40412.99,2,At Risk,4
2202,28,1,40065.73,2,At Risk,4
1326,111,1,39343.35,2,At Risk,4
1737,115,1,39160.61,2,At Risk,4
2342,53,1,39081.59,2,At Risk,4
32,0,1,39064.07,2,At Risk,4
677,29,1,38650.72,2,At Risk,4
1936,139,1,38108.96,2,At Risk,4
1218,144,1,38077.37,2,At Risk,4
19,36,1,37898.3,2,At Risk,4
643,68,1,37696.56,2,At Risk,4
1058,73,1,37368.61,2,At Risk,4
393,40,1,37210.02,2,At Risk,4
311,60,1,37076.63,2,At Risk,4
765,15,1,37064.03,2,At Risk,4
29,123,1,37038.73,2,At Risk,4
2091,143,1,36677.57,2,At Risk,4
1200,125,1,36610.48,2,At Risk,4
1264,143,1,36394.35,2,At Risk,4
761,96,1,36200.92,2,At Risk,4
871,76,1,36197.03,2,At Risk,4
245,129,1,35902.55,2,At Risk,4
1172,38,1,35768.82,2,At Risk,4
785,18,1,34948.86,2,At Risk,4
220,55,1,34604.37,2,At Risk,4
234,71,1,34493.91,2,At Risk,4
1404,138,1,34391.62,2,At Risk,4
2008,50,1,34248.26,2,At Risk,4
441,17,1,34039.19,2,At Risk,4
1124,91,1,33962.91,2,At Risk,4
1720,12,1,33536.97,2,At Risk,4
136,110,1,33529.89,2,At Risk,4
1448,60,1,33521.17,2,At Risk,4
924,124,1,33128.53,2,At Risk,4
690,137,1,32690.69,2,At Risk,4
1378,39,1,32320.23,2,At Risk,4
1581,107,1,32103.57,2,At Risk,4
1375,34,1,31982.04,2,At Risk,4
2284,61,1,31691.5,2,At Risk,4
369,79,1,31620.87,2,At Risk,4
1550,25,1,30721.09,2,At Risk,4
1234,10,1,30539.58,2,At Risk,4
757,63,1,30337.26,2,At Risk,4
1214,340,2,169782.37,0,Lost Customers,5
1210,309,2,168415.84,0,Lost Customers,5
1973,287,2,163150.32,0,Lost Customers,5
953,331,2,156855.85,0,Lost Customers,5
2424,293,2,154879.67,0,Lost Customers,5
1507,295,2,152717.53,0,Lost Customers,5
506,261,2,146338.24,0,Lost Customers,5
2272,281,2,145103.47,0,Lost Customers,5
1682,266,2,144853.31,0,Lost Customers,5
1582,299,2,142910.78,0,Lost Customers,5
1450,351,2,141405.97999999998,0,Lost Customers,5
669,272,2,139999.01,0,Lost Customers,5
475,285,2,139118.01,0,Lost Customers,5
1169,296,2,132422.32,0,Lost Customers,5
1135,252,2,131681.03,0,Lost Customers,5
1157,268,2,131079.29,0,Lost Customers,5
273,284,2,130750.51999999999,0,Lost Customers,5
137,268,2,130402.93,0,Lost Customers,5
1287,295,2,128837.12999999999,0,Lost Customers,5
645,352,2,126234.19,0,Lost Customers,5
280,241,2,125148.04000000001,0,Lost Customers,5
1473,283,2,124803.09999999999,0,Lost Customers,5
188,244,2,120255.03,0,Lost Customers,5
248,234,2,117996.13,0,Lost Customers,5
1698,297,2,117046.08,0,Lost Customers,5
928,230,2,116161.18,0,Lost Customers,5
1923,264,2,115247.20999999999,0,Lost Customers,5
1053,256,2,114309.48000000001,0,Lost Customers,5
595,310,2,114121.41,0,Lost Customers,5
729,278,2,113298.96,0,Lost Customers,5
177,255,2,112641.48,0,Lost Customers,5
34,235,2,109738.64,0,Lost Customers,5
1712,278,2,109653.36,0,Lost Customers,5
608,271,2,107069.57,0,Lost Customers,5
2240,241,2,106813.27,0,Lost Customers,5
1594,331,2,101172.71,0,Lost Customers,5
583,216,2,100353.47,0,Lost Customers,5
374,266,1,99671.79,0,Lost Customers,5
1010,315,1,99614.96,0,Lost Customers,5
150,305,1,99425.18,0,Lost Customers,5
2248,216,2,99392.33,0,Lost Customers,5
1487,278,1,99147.43,0,Lost Customers,5
1488,225,2,99129.97,0,Lost Customers,5
94,179,1,98904.4,0,Lost Customers,5
328,224,1,98548.64,0,Lost Customers,5
2389,240,1,98397.98,0,Lost Customers,5
687,317,1,98271.06,0,Lost Customers,5
420,257,1,98129.05,0,Lost Customers,5
626,201,1,97989.41,0,Lost Customers,5
2069,226,1,97966.34,0,Lost Customers,5
1641,301,1,97690.31,0,Lost Customers,5
900,243,1,97610.11,0,Lost Customers,5
2214,343,1,97403.22,0,Lost Customers,5
2080,356,1,96748.21,0,Lost Customers,5
725,261,1,96730.79,0,Lost Customers,5
1230,188,1,96727.04,0,Lost Customers,5
421,360,1,96689.83,0,Lost Customers,5
1194,258,1,96422.41,0,Lost Customers,5
96,364,1,96011.07,0,Lost Customers,5
2447,184,1,95881.32,0,Lost Customers,5
2012,268,1,95812.36,0,Lost Customers,5
2178,207,1,95647.27,0,Lost Customers,5
151,293,1,95367.19,0,Lost Customers,5
2245,214,2,95330.95999999999,0,Lost Customers,5
2483,254,2,95135.98999999999,0,Lost Customers,5
436,213,2,94935.12,0,Lost Customers,5
204,306,1,94370.05,0,Lost Customers,5
17,221,1,94339.12,0,Lost Customers,5
1371,277,1,94198.34,0,Lost Customers,5
131,170,1,94034.18,0,Lost Customers,5
2236,355,1,93459.47,0,Lost Customers,5
1772,329,1,93127.56,0,Lost Customers,5
290,304,1,93106.48,0,Lost Customers,5
1457,251,1,93013.62,0,Lost Customers,5
1189,304,1,92970.64,0,Lost Customers,5
1367,244,1,92731.23,0,Lost Customers,5
890,239,1,92666.32,0,Lost Customers,5
1759,289,1,92449.14,0,Lost Customers,5
1227,212,1,92213.19,0,Lost Customers,5
2159,300,1,92126.74,0,Lost Customers,5
2335,212,1,91890.97,0,Lost Customers,5
888,262,1,91821.13,0,Lost Customers,5
1489,256,1,91630.2,0,Lost Customers,5
2146,305,1,91538.79,0,Lost Customers,5
1121,323,2,91244.75,0,Lost Customers,5
54,303,1,91218.86,0,Lost Customers,5
198,345,1,90883.82,0,Lost Customers,5
21,245,2,90721.15,0,Lost Customers,5
782,254,1,90450.21,0,Lost Customers,5
1198,352,1,90378.28,0,Lost Customers,5
2392,275,2,90038.47,0,Lost Customers,5
153,262,1,89928.67,0,Lost Customers,5
1499,285,1,89613.03,0,Lost Customers,5
1467,303,1,89547.22,0,Lost Customers,5
1914,346,1,89527.15,0,Lost Customers,5
1813,325,1,89446.55,0,Lost Customers,5
1947,317,2,89387.58,0,Lost Customers,5
740,338,1,89317.81,0,Lost Customers,5
2459,172,1,89024.96,0,Lost Customers,5
714,231,2,88820.89,0,Lost Customers,5
655,194,1,88166.32,0,Lost Customers,5
930,295,2,87997.68,0,Lost Customers,5
1196,273,2,87926.76999999999,0,Lost Customers,5
2017,307,1,87907.65,0,Lost Customers,5
2432,177,1,87717.18,0,Lost Customers,5
1551,215,2,87531.3,0,Lost Customers,5
915,183,1,87467.36,0,Lost Customers,5
1794,356,1,87189.34,0,Lost Customers,5
1994,305,2,87096.44,0,Lost Customers,5
1780,275,1,86936.88,0,Lost Customers,5
2496,310,1,86838.97,0,Lost Customers,5
1100,276,1,86639.11,0,Lost Customers,5
91,323,1,86587.84,0,Lost Customers,5
146,289,1,86394.7,0,Lost Customers,5
986,340,1,86364.15,0,Lost Customers,5
758,169,1,85004.75,0,Lost Customers,5
453,294,1,84880.33,0,Lost Customers,5
803,276,1,84850.8,0,Lost Customers,5
1598,355,1,84543.83,0,Lost Customers,5
5,284,2,84400.94,0,Lost Customers,5
307,200,1,84313.6,0,Lost Customers,5
668,250,1,84215.16,0,Lost Customers,5
1727,302,1,84136.75,0,Lost Customers,5
1306,158,1,83367.57,0,Lost Customers,5
2117,310,1,83060.59,0,Lost Customers,5
1852,323,1,82548.33,0,Lost Customers,5
1648,304,1,82417.96,0,Lost Customers,5
1439,231,2,82101.51000000001,0,Lost Customers,5
659,321,1,81914.19,0,Lost Customers,5
500,337,1,81704.58,0,Lost Customers,5
1883,249,1,81678.46,0,Lost Customers,5
1145,301,1,81448.16,0,Lost Customers,5
974,192,1,81350.61,0,Lost Customers,5
2180,270,1,81309.56,0,Lost Customers,5
376,216,1,81248.48,0,Lost Customers,5
1613,206,1,81152.31,0,Lost Customers,5
1025,339,1,81117.05,0,Lost Customers,5
544,320,1,81085.33,0,Lost Customers,5
1085,321,1,80917.89,0,Lost Customers,5
1505,306,1,80601.53,0,Lost Customers,5
1745,179,1,80539.8,0,Lost Customers,5
383,333,1,80517.98,0,Lost Customers,5
1069,256,1,80384.09,0,Lost Customers,5
1079,248,1,80382.09,0,Lost Customers,5
2140,262,1,80227.38,0,Lost Customers,5
2489,211,1,80014.6,0,Lost Customers,5
666,282,1,79672.21,0,Lost Customers,5
352,280,1,79560.91,0,Lost Customers,5
985,216,1,79544.89,0,Lost Customers,5
1162,347,1,78777.31,0,Lost Customers,5
968,290,1,78447.11,0,Lost Customers,5
770,163,1,78113.01,0,Lost Customers,5
2169,276,1,77924.02,0,Lost Customers,5
713,253,2,77749.12,0,Lost Customers,5
688,360,1,77679.1,0,Lost Customers,5
1333,277,1,77626.79,0,Lost Customers,5
2181,307,1,77132.29,0,Lost Customers,5
1922,199,2,76924.22,0,Lost Customers,5
1962,273,2,76838.25,0,Lost Customers,5
262,314,1,76344.39,0,Lost Customers,5
532,158,1,76259.76,0,Lost Customers,5
1592,290,1,76234.52,0,Lost Customers,5
982,289,1,75727.65,0,Lost Customers,5
1247,269,1,75715.12,0,Lost Customers,5
1056,255,1,75476.58,0,Lost Customers,5
2338,315,1,75401.06,0,Lost Customers,5
2066,335,1,75129.62,0,Lost Customers,5
2333,324,1,75075.3,0,Lost Customers,5
1072,195,1,74804.34,0,Lost Customers,5
2164,195,1,74066.42,0,Lost Customers,5
1693,332,1,73993.93,0,Lost Customers,5
1677,313,1,73687.09,0,Lost Customers,5
1658,295,1,72947.21,0,Lost Customers,5
2156,186,1,72939.58,0,Lost Customers,5
30,229,1,72379.42,0,Lost Customers,5
1424,226,1,72196.24,0,Lost Customers,5
1427,276,1,72094.65,0,Lost Customers,5
2281,192,1,71797.86,0,Lost Customers,5
1497,339,1,71728.87,0,Lost Customers,5
435,363,1,71087.75,0,Lost Customers,5
2144,287,1,71053.66,0,Lost Customers,5
2473,268,1,70892.59,0,Lost Customers,5
1524,365,1,70798.1,0,Lost Customers,5
1674,350,1,70606.86,0,Lost Customers,5
1951,206,1,70440.94,0,Lost Customers,5
2127,251,1,70202.86,0,Lost Customers,5
1587,207,1,70044.7,0,Lost Customers,5
1886,196,1,69823.79,0,Lost Customers,5
2378,297,1,69555.1,0,Lost Customers,5
1829,353,1,69534.4,0,Lost Customers,5
1595,267,2,69410.6,0,Lost Customers,5
1286,323,1,69287.53,0,Lost Customers,5
1184,186,1,68868.46,0,Lost Customers,5
2021,349,1,68156.73,0,Lost Customers,5
87,275,1,67909.85,0,Lost Customers,5
983,191,2,66985.47,0,Lost Customers,5
1628,187,1,66832.56,0,Lost Customers,5
1549,160,1,66744.09,0,Lost Customers,5
184,311,1,66555.33,0,Lost Customers,5
2124,276,1,66275.25,0,Lost Customers,5
1063,310,1,66180.23,0,Lost Customers,5
2357,203,1,66160.73,0,Lost Customers,5
828,215,1,65924.03,0,Lost Customers,5
1541,178,1,64602.22,0,Lost Customers,5
1305,243,1,64293.65,0,Lost Customers,5
2007,201,2,64041.34,0,Lost Customers,5
2326,254,1,64039.9,0,Lost Customers,5
575,255,1,63800.51,0,Lost Customers,5
2436,319,1,63543.49,0,Lost Customers,5
1750,342,1,63448.77,0,Lost Customers,5
2115,169,1,63305.21,0,Lost Customers,5
388,177,1,63130.85,0,Lost Customers,5
1754,156,1,63097.35,0,Lost Customers,5
447,332,1,62737.3,0,Lost Customers,5
2427,263,1,62327.72,0,Lost Customers,5
241,330,2,62258.81,0,Lost Customers,5
1869,308,1,61783.93,0,Lost Customers,5
1560,171,1,61632.53,0,Lost Customers,5
1293,351,1,61507.25,0,Lost Customers,5
1740,203,1,61244.19,0,Lost Customers,5
1319,164,1,60567.65,0,Lost Customers,5
118,309,1,60269.74,0,Lost Customers,5
569,355,1,59895.73,0,Lost Customers,5
1282,233,1,59893.12,0,Lost Customers,5
90,178,1,59855.63,0,Lost Customers,5
1567,302,1,59839.88,0,Lost Customers,5
8,246,1,59670.84,0,Lost Customers,5
938,353,1,59597.74,0,Lost Customers,5
720,236,1,59486.82,0,Lost Customers,5
386,315,1,59396.98,0,Lost Customers,5
1672,248,1,59023.71,0,Lost Customers,5
680,265,1,58632.52,0,Lost Customers,5
1229,206,1,58433.96,0,Lost Customers,5
2386,228,1,58402.01,0,Lost Customers,5
1601,312,1,58327.06,0,Lost Customers,5
1856,223,1,58188.31,0,Lost Customers,5
310,245,1,57598.23,0,Lost Customers,5
444,303,1,57564.78,0,Lost Customers,5
793,219,1,57186.68,0,Lost Customers,5
738,207,1,56852.12,0,Lost Customers,5
1322,349,1,56834.47,0,Lost Customers,5
2107,176,1,56809.36,0,Lost Customers,5
1251,197,1,56775.3,0,Lost Customers,5
37,231,1,56474.77,0,Lost Customers,5
2313,353,1,56375.05,0,Lost Customers,5
2305,182,1,56374.72,0,Lost Customers,5
911,258,1,56188.84,0,Lost Customers,5
1640,342,1,55975.33,0,Lost Customers,5
1969,306,1,55132.8,0,Lost Customers,5
1516,212,1,55115.03,0,Lost Customers,5
199,268,1,54806.71,0,Lost Customers,5
2453,160,1,54620.24,0,Lost Customers,5
1076,274,1,54575.65,0,Lost Customers,5
1455,315,1,54450.33,0,Lost Customers,5
845,306,1,54153.36,0,Lost Customers,5
2082,343,1,53891.58,0,Lost Customers,5
165,191,1,53696.04,0,Lost Customers,5
381,260,1,53228.49,0,Lost Customers,5
1885,323,1,53166.53,0,Lost Customers,5
1739,197,1,52856.12,0,Lost Customers,5
2014,179,1,52747.27,0,Lost Customers,5
2468,194,1,52461.6,0,Lost Customers,5
1859,281,1,52248.11,0,Lost Customers,5
405,328,1,51780.84,0,Lost Customers,5
916,334,1,51716.67,0,Lost Customers,5
2054,348,1,51670.26,0,Lost Customers,5
989,164,1,51184.8,0,Lost Customers,5
338,177,1,51011.93,0,Lost Customers,5
1591,219,1,50946.02,0,Lost Customers,5
844,275,1,50791.21,0,Lost Customers,5
756,241,1,50732.4,0,Lost Customers,5
82,282,1,49906.23,0,Lost Customers,5
2223,173,1,49658.48,0,Lost Customers,5
1535,338,1,48869.59,0,Lost Customers,5
2297,201,1,47983.82,0,Lost Customers,5
2078,180,1,47837.7,0,Lost Customers,5
2418,328,1,47469.46,0,Lost Customers,5
57,255,1,47274.33,0,Lost Customers,5
1943,161,1,46992.15,0,Lost Customers,5
22,312,1,46733.58,0,Lost Customers,5
1122,196,1,46210.14,0,Lost Customers,5
850,193,1,46157.34,0,Lost Customers,5
1959,191,1,45575.89,0,Lost Customers,5
1394,280,1,45312.47,0,Lost Customers,5
1239,347,1,45222.44,0,Lost Customers,5
1955,164,1,43521.18,0,Lost Customers,5
1052,248,1,43373.71,0,Lost Customers,5
1393,257,1,42729.99,0,Lost Customers,5
1223,357,1,42432.43,0,Lost Customers,5
653,268,1,42431.67,0,Lost Customers,5
2462,211,1,42410.4,0,Lost Customers,5
11,325,1,42128.97,0,Lost Customers,5
944,305,1,42089.27,0,Lost Customers,5
1873,244,1,41260.42,0,Lost Customers,5
1276,330,1,40866.17,0,Lost Customers,5
1590,165,1,40400.63,0,Lost Customers,5
2437,319,1,40281.87,0,Lost Customers,5
1932,296,1,39886.4,0,Lost Customers,5
570,356,1,39882.5,0,Lost Customers,5
1291,240,1,38432.91,0,Lost Customers,5
1729,222,1,37928.64,0,Lost Customers,5
833,324,1,37194.46,0,Lost Customers,5
2046,328,1,36979.51,0,Lost Customers,5
2485,218,1,36255.29,0,Lost Customers,5
1713,215,1,36118.67,0,Lost Customers,5
1572,300,1,35756.65,0,Lost Customers,5
1530,357,1,35503.28,0,Lost Customers,5
2262,352,1,35156.91,0,Lost Customers,5
2053,185,1,34515.97,0,Lost Customers,5
970,325,1,34316.77,0,Lost Customers,5
1779,209,1,34095.71,0,Lost Customers,5
1104,315,1,34085.43,0,Lost Customers,5
516,211,1,33918.44,0,Lost Customers,5
462,172,1,33860.66,0,Lost Customers,5
810,221,1,33599.03,0,Lost Customers,5
1396,208,1,33585.5,0,Lost Customers,5
1280,158,1,33518.09,0,Lost Customers,5
1086,290,1,33469.75,0,Lost Customers,5
739,330,1,33436.34,0,Lost Customers,5
1281,204,1,33264.32,0,Lost Customers,5
623,201,1,33154.04,0,Lost Customers,5
418,180,1,32799.81,0,Lost Customers,5
2301,307,1,32749.54,0,Lost Customers,5
1574,195,1,32692.77,0,Lost Customers,5
494,308,1,32253.31,0,Lost Customers,5
976,255,1,31980.2,0,Lost Customers,5
457,195,1,31858.11,0,Lost Customers,5
324,167,1,31626.86,0,Lost Customers,5
601,293,1,31045.02,0,Lost Customers,5
992,221,1,30365.37,0,Lost Customers,5
